color	group_code	nat_party_code
1	0	0
1	0	0
1	0	0
1	0	0
1	0	0
1	0	0
1	0	0
1	0	0
1	0	0
1	0	0
1	0	0
1	0	0
1	0	0
1	0	0
1	0	0
1	0	0
1	0	0
1	0	0
1	0	0
1	0	0
1	0	0
1	0	0
1	0	0
1	0	0
1	0	0
1	0	0
1	0	0
1	0	0
1	0	0
1	0	0
1	0	0
1	0	0
1	0	0
1	0	0
1	0	0
1	0	0
1	0	0
1	0	0
1	0	0
1	0	0
1	0	0
1	0	0
1	0	0
1	0	0
1	0	0
1	0	0
1	0	0
1	0	0
1	0	0
1	0	0
1	0	0
1	0	0
1	0	0
1	0	0
1	0	0
1	0	0
1	0	0
1	0	0
1	0	0
1	0	0
1	0	0
1	0	0
1	0	0
1	0	0
1	0	0
1	0	0
1	0	0
1	0	0
1	0	0
1	0	0
1	0	0
1	0	0
1	0	0
1	0	0
1	0	0
1	0	0
1	0	0
1	0	0
1	0	0
1	0	0
1	0	0
1	0	0
1	0	0
1	0	0
1	0	0
1	0	0
1	0	0
1	0	0
1	0	0
1	0	0
1	0	0
1	0	0
1	0	0
1	0	0
1	0	0
1	0	0
1	0	0
1	0	0
1	0	0
1	0	0
1	0	0
1	0	0
1	0	0
1	0	0
1	0	0
1	0	0
1	0	0
1	0	0
1	0	0
1	0	0
1	0	0
1	0	0
1	0	0
1	0	0
1	0	0
1	0	0
1	0	0
1	0	0
1	0	0
1	0	0
1	0	0
1	0	0
1	0	0
1	0	0
1	0	0
1	0	0
1	0	0
1	0	0
1	0	0
1	0	0
1	0	0
1	0	0
1	0	0
1	0	0
1	0	0
1	0	0
1	0	0
1	0	0
1	0	0
1	0	0
1	0	0
1	0	0
1	0	0
1	0	0
1	0	0
1	0	0
1	0	0
1	0	0
1	0	0
1	0	0
1	0	0
1	0	0
1	0	0
1	0	0
1	0	0
1	0	0
1	0	0
1	0	0
1	0	0
1	0	0
1	0	0
1	0	0
1	0	0
1	0	0
1	0	0
1	0	0
1	0	0
1	0	0
1	0	0
1	0	0
1	0	0
1	0	0
1	0	0
1	0	0
1	0	0
1	0	0
1	0	0
1	0	0
1	0	0
1	0	0
1	0	0
1	0	0
1	0	0
1	0	0
1	0	0
1	0	0
1	0	0
1	0	0
1	0	0
1	0	0
1	0	0
1	0	0
1	0	0
1	0	0
1	0	0
1	0	0
1	0	0
1	0	0
1	0	0
1	0	0
1	0	0
1	0	0
1	0	0
1	0	0
1	0	0
1	0	0
1	0	0
1	0	0
1	0	0
1	0	0
1	0	0
1	0	0
1	0	0
1	0	0
1	0	0
1	0	0
1	0	0
1	0	0
1	0	0
1	0	0
1	0	0
1	0	0
1	0	0
1	0	0
1	0	0
1	0	0
1	0	0
1	0	0
1	0	0
1	0	0
1	0	0
1	0	0
1	0	0
1	0	0
1	0	0
1	0	0
1	0	0
1	0	0
1	0	0
1	0	0
1	0	0
1	0	0
1	0	0
1	0	0
1	0	0
1	0	0
1	0	0
1	0	0
1	0	0
1	0	0
1	0	0
1	0	0
1	0	0
1	0	0
1	0	0
1	0	0
1	0	0
1	0	0
1	0	0
1	0	0
1	0	0
1	0	0
1	0	0
1	0	0
1	0	0
1	0	0
1	0	0
1	0	0
1	0	0
1	0	0
1	0	0
1	0	0
1	0	0
1	0	0
1	0	0
1	0	0
1	0	0
1	0	0
1	0	0
1	0	0
1	0	0
1	0	0
1	0	0
1	0	0
1	0	0
1	0	0
0	1	1
0	1	1
0	1	1
0	1	1
0	1	1
0	1	1
0	1	1
0	1	1
0	1	1
0	1	1
0	1	1
0	1	1
0	1	1
0	1	1
0	1	1
0	1	1
0	1	1
0	1	1
0	1	1
0	1	1
0	1	1
0	1	1
0	1	1
0	1	1
0	1	1
0	1	1
0	1	1
0	1	1
0	1	1
0	1	1
0	1	1
0	1	1
0	1	1
0	1	1
0	1	1
0	1	1
0	1	1
0	1	1
0	1	1
0	1	1
0	1	1
0	1	1
0	1	1
0	1	1
0	1	1
0	1	1
0	1	1
0	1	1
0	1	1
0	1	1
0	1	1
0	1	1
0	1	1
0	1	1
0	1	1
0	1	1
0	1	1
0	1	1
0	1	1
0	1	1
0	1	1
0	1	1
0	1	1
0	1	1
0	1	1
0	1	1
0	1	1
0	1	1
0	1	1
0	1	1
0	1	1
0	1	1
0	1	1
0	1	1
0	1	1
0	1	1
0	1	1
0	1	1
0	1	1
0	1	1
0	1	1
0	1	1
0	1	1
0	1	1
0	1	1
0	1	1
0	1	1
0	1	1
0	1	1
0	1	1
0	1	1
0	1	1
0	1	1
0	1	1
0	1	1
0	1	1
0	1	1
0	1	1
0	1	1
0	1	1
0	1	1
0	1	1
0	1	1
0	1	1
0	1	1
0	1	1
0	1	1
0	1	1
0	1	1
0	1	1
0	1	1
0	1	1
0	1	1
0	1	1
0	1	1
0	1	1
0	1	1
0	1	1
0	1	1
0	1	1
0	1	1
0	1	1
0	1	1
0	1	1
0	1	1
0	1	1
0	1	1
0	1	1
0	1	1
0	1	1
0	1	1
0	1	1
0	1	1
0	1	1
0	1	1
0	1	1
0	1	1
0	1	1
0	1	1
0	1	1
0	1	1
0	1	1
0	1	1
0	1	1
0	1	1
0	1	1
0	1	1
0	1	1
0	1	1
0	1	1
0	1	1
0	1	1
0	1	1
0	1	1
0	1	1
0	1	1
0	1	1
0	1	1
0	1	1
0	1	1
0	1	1
0	1	1
0	1	1
0	1	1
0	1	1
0	1	1
0	1	1
0	1	1
0	1	1
0	1	1
0	1	1
0	1	1
0	1	1
0	1	1
0	1	1
0	1	1
0	1	1
0	1	1
0	1	1
0	1	1
0	1	1
0	1	1
0	1	1
0	1	1
0	1	1
0	1	1
0	1	1
0	1	1
0	1	1
0	1	1
0	1	1
0	1	1
0	1	1
0	1	1
0	1	1
0	1	1
0	1	1
0	1	1
0	1	1
0	1	1
0	1	1
0	1	1
0	1	1
0	1	1
0	1	1
0	1	1
0	1	1
0	1	1
0	1	1
0	1	1
0	1	1
0	1	1
0	1	1
0	1	1
0	1	1
0	1	1
0	1	1
0	1	1
0	1	1
0	1	1
0	1	1
0	1	1
0	1	1
0	1	1
0	1	1
0	1	1
0	1	1
0	1	1
0	1	1
0	1	1
0	1	1
0	1	1
0	1	1
0	1	1
0	1	1
0	1	1
0	1	1
0	1	1
0	1	1
0	1	1
0	1	1
0	1	1
0	1	1
0	1	1
0	1	1
0	1	1
0	1	1
0	1	1
0	1	1
0	1	1
0	1	1
0	1	1
0	1	1
0	1	1
0	1	1
0	1	1
0	1	1
0	1	1
0	1	1
0	1	1
0	1	1
0	1	1
0	1	1
0	1	1
0	1	1
0	1	1
0	1	1
0	1	1
0	1	1
0	1	1
0	1	1
0	1	1
0	1	1
0	1	1
0	1	1
0	1	1
0	1	1
0	1	1
0	1	1
0	1	1
0	1	1
0	1	1
0	1	1
0	1	1
0	1	1
0	1	1
0	1	1
0	1	1
0	1	1
0	1	1
0	1	1
0	1	1
0	2	2
0	2	2
0	2	2
0	2	2
0	2	2
0	2	2
0	2	2
0	2	2
0	2	2
0	2	2
0	2	2
0	2	2
0	2	2
0	2	2
0	2	2
0	2	2
0	2	2
0	2	2
0	2	2
0	2	2
0	2	2
0	2	2
0	2	2
0	2	2
0	2	2
0	2	2
0	2	2
0	2	2
0	2	2
0	2	2
0	2	2
0	2	2
0	2	2
0	2	2
0	2	2
0	2	2
0	2	2
0	2	2
0	2	2
0	2	2
0	2	2
0	2	2
0	2	2
0	2	2
0	2	2
0	2	2
0	2	2
0	2	2
0	2	2
0	2	2
0	2	2
0	2	2
0	2	2
0	2	2
0	2	2
0	2	2
0	2	2
0	2	2
0	2	2
0	2	2
0	2	2
0	2	2
0	2	2
0	2	2
0	2	2
0	2	2
0	2	2
0	2	2
0	2	2
0	2	2
0	2	2
0	2	2
0	2	2
0	2	2
0	2	2
0	2	2
0	2	2
0	2	2
0	2	2
0	2	2
0	2	2
0	2	2
0	2	2
0	2	2
0	2	2
0	2	2
0	2	2
0	2	2
0	2	2
0	2	2
0	2	2
0	2	2
0	2	2
0	2	2
0	2	2
0	2	2
0	2	2
0	2	2
0	2	2
0	2	2
0	2	2
0	2	2
0	2	2
0	2	2
0	2	2
0	2	2
0	2	2
0	2	2
0	2	2
0	2	2
0	2	2
0	2	2
0	2	2
0	2	2
0	2	2
0	2	2
0	2	2
0	2	2
0	2	2
0	2	2
0	2	2
0	2	2
0	2	2
0	2	2
0	2	2
0	2	2
0	2	2
0	2	2
0	2	2
0	2	2
0	2	2
0	2	2
0	2	2
0	2	2
0	2	2
0	2	2
0	2	2
0	2	2
0	2	2
0	2	2
0	2	2
0	2	2
0	2	2
0	2	2
0	2	2
0	2	2
0	2	2
0	2	2
0	2	2
0	2	2
0	2	2
0	2	2
0	2	2
0	2	2
0	2	2
0	2	2
0	2	2
0	2	2
0	2	2
0	2	2
0	2	2
0	2	2
0	2	2
0	2	2
0	2	2
0	2	2
0	2	2
0	2	2
0	2	2
0	2	2
0	2	2
0	2	2
0	2	2
0	2	2
0	2	2
0	2	2
0	2	2
0	2	2
0	2	2
0	2	2
0	2	2
0	2	2
0	2	2
0	2	2
0	2	2
0	2	2
0	2	2
0	2	2
0	2	2
0	2	2
0	2	2
0	2	2
0	2	2
0	2	2
0	2	2
0	2	2
0	2	2
0	2	2
0	2	2
0	2	2
0	2	2
0	2	2
0	2	2
0	2	2
0	2	2
0	2	2
0	2	2
0	2	2
0	2	2
0	2	2
0	2	2
0	2	2
0	2	2
0	2	2
0	2	2
0	2	2
0	2	2
0	2	2
0	2	2
0	2	2
0	2	2
0	2	2
0	2	2
0	2	2
0	2	2
0	2	2
0	2	2
0	2	2
0	2	2
0	2	2
0	2	2
0	2	2
0	2	2
0	2	2
0	2	2
0	2	2
0	2	2
0	2	2
0	2	2
0	2	2
0	2	2
0	2	2
0	2	2
0	2	2
0	2	2
0	2	2
0	2	2
0	2	2
0	2	2
0	2	2
0	2	2
0	2	2
0	2	2
0	2	2
0	2	2
0	2	2
0	2	2
0	2	2
0	2	2
0	2	2
0	2	2
0	2	2
0	2	2
0	2	2
0	2	2
0	2	2
0	2	2
0	2	2
0	2	2
0	2	2
0	2	2
0	2	2
0	2	2
0	2	2
0	2	2
0	2	2
0	2	2
0	2	2
0	2	2
0	2	2
0	2	2
0	2	2
0	2	2
0	2	2
0	2	2
0	2	2
0	2	2
0	2	2
0	2	2
0	2	2
0	2	2
0	2	2
0	3	3
0	3	3
0	3	3
0	3	3
0	3	3
0	3	3
0	3	3
0	3	3
0	3	3
0	3	3
0	3	3
0	3	3
0	3	3
0	3	3
0	3	3
0	3	3
0	3	3
0	3	3
0	3	3
0	3	3
0	3	3
0	3	3
0	3	3
0	3	3
0	3	3
0	3	3
0	3	3
0	3	3
0	3	3
0	3	3
0	3	3
0	3	3
0	3	3
0	3	3
0	3	3
0	3	3
0	3	3
0	3	3
0	3	3
0	3	3
0	3	3
0	3	3
0	3	3
0	3	3
0	3	3
0	3	3
0	3	3
0	3	3
0	3	3
0	3	3
0	3	3
0	3	3
0	3	3
0	3	3
0	3	3
0	3	3
0	3	3
0	3	3
0	3	3
0	3	3
0	3	3
0	3	3
0	3	3
0	3	3
0	3	3
0	3	3
0	3	3
0	3	3
0	3	3
0	3	3
0	3	3
0	3	3
0	3	3
0	3	3
0	3	3
0	3	3
0	3	3
0	3	3
0	3	3
0	3	3
0	3	3
0	3	3
0	3	3
0	3	3
0	3	3
0	3	3
0	3	3
0	3	3
0	3	3
0	3	3
0	3	3
0	3	3
0	3	3
0	3	3
0	3	3
0	3	3
0	3	3
0	3	3
0	3	3
0	3	3
0	3	3
0	3	3
0	3	3
0	3	3
0	3	3
0	3	3
0	3	3
0	3	3
0	3	3
0	3	3
0	3	3
0	3	3
0	3	3
0	3	3
0	3	3
0	3	3
0	3	3
0	3	3
0	3	3
0	3	3
0	3	3
0	3	3
0	3	3
0	3	3
0	3	3
0	3	3
0	3	3
0	3	3
0	3	3
0	3	3
0	3	3
0	3	3
0	3	3
0	3	3
0	3	3
0	3	3
0	3	3
0	3	3
0	3	3
0	3	3
0	3	3
0	3	3
0	3	3
0	3	3
0	3	3
0	3	3
0	3	3
0	3	3
0	3	3
0	3	3
0	3	3
0	3	3
0	3	3
0	3	3
0	3	3
0	3	3
0	3	3
0	3	3
0	3	3
0	3	3
0	3	3
0	3	3
0	3	3
0	3	3
0	3	3
0	3	3
0	3	3
0	3	3
0	3	3
0	3	3
0	3	3
0	3	3
0	3	3
0	3	3
0	3	3
0	3	3
0	3	3
0	3	3
0	3	3
0	3	3
0	3	3
0	3	3
0	3	3
0	3	3
0	3	3
0	3	3
0	3	3
0	3	3
0	3	3
0	3	3
0	3	3
0	3	3
0	3	3
0	3	3
0	3	3
0	3	3
0	3	3
0	3	3
0	3	3
0	3	3
0	3	3
0	3	3
0	3	3
0	3	3
0	3	3
0	3	3
0	3	3
0	3	3
0	3	3
0	3	3
0	3	3
0	3	3
0	3	3
0	3	3
0	3	3
0	3	3
0	3	3
0	3	3
0	3	3
0	3	3
0	3	3
0	3	3
0	3	3
0	3	3
0	3	3
0	3	3
0	3	3
0	3	3
0	3	3
0	3	3
0	3	3
0	3	3
0	3	3
0	3	3
0	3	3
0	3	3
0	3	3
0	3	3
0	3	3
0	3	3
0	3	3
0	3	3
0	3	3
0	3	3
0	3	3
0	3	3
0	3	3
0	3	3
0	3	3
0	3	3
0	3	3
0	3	3
0	3	3
0	3	3
0	3	3
0	3	3
0	3	3
0	3	3
0	3	3
0	3	3
0	3	3
0	3	3
0	3	3
0	3	3
0	3	3
0	3	3
0	3	3
0	2	4
0	2	4
0	2	4
0	2	4
0	2	4
0	2	4
0	2	4
0	2	4
0	2	4
0	2	4
0	2	4
0	2	4
0	2	4
0	2	4
0	2	4
0	2	4
0	2	4
0	2	4
0	2	4
0	2	4
0	2	4
0	2	4
0	2	4
0	2	4
0	2	4
0	2	4
0	2	4
0	2	4
0	2	4
0	2	4
0	2	4
0	2	4
0	2	4
0	2	4
0	2	4
0	2	4
0	2	4
0	2	4
0	2	4
0	2	4
0	2	4
0	2	4
0	2	4
0	2	4
0	2	4
0	2	4
0	2	4
0	2	4
0	2	4
0	2	4
0	2	4
0	2	4
0	2	4
0	2	4
0	2	4
0	2	4
0	2	4
0	2	4
0	2	4
0	2	4
0	2	4
0	2	4
0	2	4
0	2	4
0	2	4
0	2	4
0	2	4
0	2	4
0	2	4
0	2	4
0	2	4
0	2	4
0	2	4
0	2	4
0	2	4
0	2	4
0	2	4
0	2	4
0	2	4
0	2	4
0	2	4
0	2	4
0	2	4
0	2	4
0	2	4
0	2	4
0	2	4
0	2	4
0	2	4
0	2	4
0	2	4
0	2	4
0	2	4
0	2	4
0	2	4
0	2	4
0	2	4
0	2	4
0	2	4
0	2	4
0	2	4
0	2	4
0	2	4
0	2	4
0	2	4
0	2	4
0	2	4
0	2	4
0	2	4
0	2	4
0	2	4
0	2	4
0	2	4
0	2	4
0	2	4
0	2	4
0	2	4
0	2	4
0	2	4
0	2	4
0	2	4
0	2	4
0	2	4
0	2	4
0	2	4
0	2	4
0	2	4
0	2	4
0	2	4
0	2	4
0	2	4
0	2	4
0	2	4
0	2	4
0	2	4
0	2	4
0	2	4
0	2	4
0	2	4
0	2	4
0	2	4
0	2	4
0	2	4
0	2	4
0	2	4
0	2	4
0	2	4
0	2	4
0	2	4
0	2	4
0	2	4
0	2	4
0	2	4
0	2	4
0	2	4
0	2	4
0	2	4
0	2	4
0	2	4
0	2	4
0	2	4
0	2	4
0	2	4
0	2	4
0	2	4
0	2	4
0	2	4
0	2	4
0	2	4
0	2	4
0	2	4
0	2	4
0	2	4
0	2	4
0	2	4
0	2	4
0	2	4
0	2	4
0	2	4
0	2	4
0	2	4
0	2	4
0	2	4
0	2	4
0	2	4
0	2	4
0	2	4
0	2	4
0	2	4
0	2	4
0	2	4
0	2	4
0	2	4
0	2	4
0	2	4
0	2	4
0	2	4
0	2	4
0	2	4
0	2	4
0	2	4
0	2	4
0	2	4
0	2	4
0	2	4
0	2	4
0	2	4
0	2	4
0	2	4
0	2	4
0	2	4
0	2	4
0	2	4
0	2	4
0	2	4
0	2	4
0	2	4
0	2	4
0	2	4
0	2	4
0	2	4
0	2	4
0	2	4
0	2	4
0	2	4
0	2	4
0	2	4
0	2	4
0	2	4
0	2	4
0	2	4
0	2	4
0	2	4
0	2	4
0	2	4
0	2	4
0	2	4
0	2	4
0	2	4
0	2	4
0	2	4
0	2	4
0	2	4
0	2	4
0	2	4
0	2	4
0	2	4
0	2	4
0	2	4
0	2	4
0	2	4
0	2	4
0	2	4
0	2	4
0	2	4
0	2	4
0	2	4
0	2	4
0	2	4
0	2	4
0	2	4
0	2	4
0	2	4
0	2	4
0	2	4
0	2	4
0	2	4
0	2	4
0	2	4
0	2	4
0	2	4
0	2	4
0	2	4
0	2	4
0	2	4
0	2	4
0	2	4
0	2	4
0	2	4
0	2	4
0	2	4
0	2	4
0	2	4
0	2	4
0	0	5
0	0	5
0	0	5
0	0	5
0	0	5
0	0	5
0	0	5
0	0	5
0	0	5
0	0	5
0	0	5
0	0	5
0	0	5
0	0	5
0	0	5
0	0	5
0	0	5
0	0	5
0	0	5
0	0	5
0	0	5
0	0	5
0	0	5
0	0	5
0	0	5
0	0	5
0	0	5
0	0	5
0	0	5
0	0	5
0	0	5
0	0	5
0	0	5
0	0	5
0	0	5
0	0	5
0	0	5
0	0	5
0	0	5
0	0	5
0	0	5
0	0	5
0	0	5
0	0	5
0	0	5
0	0	5
0	0	5
0	0	5
0	0	5
0	0	5
0	0	5
0	0	5
0	0	5
0	0	5
0	0	5
0	0	5
0	0	5
0	0	5
0	0	5
0	0	5
0	0	5
0	0	5
0	0	5
0	0	5
0	0	5
0	0	5
0	0	5
0	0	5
0	0	5
0	0	5
0	0	5
0	0	5
0	0	5
0	0	5
0	0	5
0	0	5
0	0	5
0	0	5
0	0	5
0	0	5
0	0	5
0	0	5
0	0	5
0	0	5
0	0	5
0	0	5
0	0	5
0	0	5
0	0	5
0	0	5
0	0	5
0	0	5
0	0	5
0	0	5
0	0	5
0	0	5
0	0	5
0	0	5
0	0	5
0	0	5
0	0	5
0	0	5
0	0	5
0	0	5
0	0	5
0	0	5
0	0	5
0	0	5
0	0	5
0	0	5
0	0	5
0	0	5
0	0	5
0	0	5
0	0	5
0	0	5
0	0	5
0	0	5
0	0	5
0	0	5
0	0	5
0	0	5
0	0	5
0	0	5
0	0	5
0	0	5
0	0	5
0	0	5
0	0	5
0	0	5
0	0	5
0	0	5
0	0	5
0	0	5
0	0	5
0	0	5
0	0	5
0	0	5
0	0	5
0	0	5
0	0	5
0	0	5
0	0	5
0	0	5
0	0	5
0	0	5
0	0	5
0	0	5
0	0	5
0	0	5
0	0	5
0	0	5
0	0	5
0	0	5
0	0	5
0	0	5
0	0	5
0	0	5
0	0	5
0	0	5
0	0	5
0	0	5
0	0	5
0	0	5
0	0	5
0	0	5
0	0	5
0	0	5
0	0	5
0	0	5
0	0	5
0	0	5
0	0	5
0	0	5
0	0	5
0	0	5
0	0	5
0	0	5
0	0	5
0	0	5
0	0	5
0	0	5
0	0	5
0	0	5
0	0	5
0	0	5
0	0	5
0	0	5
0	0	5
0	0	5
0	0	5
0	0	5
0	0	5
0	0	5
0	0	5
0	0	5
0	0	5
0	0	5
0	0	5
0	0	5
0	0	5
0	0	5
0	0	5
0	0	5
0	0	5
0	0	5
0	0	5
0	0	5
0	0	5
0	0	5
0	0	5
0	0	5
0	0	5
0	0	5
0	0	5
0	0	5
0	0	5
0	0	5
0	0	5
0	0	5
0	0	5
0	0	5
0	0	5
0	0	5
0	0	5
0	0	5
0	0	5
0	0	5
0	0	5
0	0	5
0	0	5
0	0	5
0	0	5
0	0	5
0	0	5
0	0	5
0	0	5
0	0	5
0	0	5
0	0	5
0	0	5
0	0	5
0	0	5
0	0	5
0	0	5
0	0	5
0	0	5
0	0	5
0	0	5
0	0	5
0	0	5
0	0	5
0	0	5
0	0	5
0	0	5
0	0	5
0	0	5
0	0	5
0	0	5
0	0	5
0	0	5
0	0	5
0	0	5
0	0	5
0	0	5
0	0	5
0	0	5
0	0	5
0	0	5
0	0	5
0	0	5
0	0	5
0	0	5
0	0	5
0	0	5
0	0	5
0	0	5
0	0	5
0	0	5
0	0	5
0	0	5
0	0	5
0	0	5
0	0	5
0	0	5
0	0	5
0	0	5
0	4	6
0	4	6
0	4	6
0	4	6
0	4	6
0	4	6
0	4	6
0	4	6
0	4	6
0	4	6
0	4	6
0	4	6
0	4	6
0	4	6
0	4	6
0	4	6
0	4	6
0	4	6
0	4	6
0	4	6
0	4	6
0	4	6
0	4	6
0	4	6
0	4	6
0	4	6
0	4	6
0	4	6
0	4	6
0	4	6
0	4	6
0	4	6
0	4	6
0	4	6
0	4	6
0	4	6
0	4	6
0	4	6
0	4	6
0	4	6
0	4	6
0	4	6
0	4	6
0	4	6
0	4	6
0	4	6
0	4	6
0	4	6
0	4	6
0	4	6
0	4	6
0	4	6
0	4	6
0	4	6
0	4	6
0	4	6
0	4	6
0	4	6
0	4	6
0	4	6
0	4	6
0	4	6
0	4	6
0	4	6
0	4	6
0	4	6
0	4	6
0	4	6
0	4	6
0	4	6
0	4	6
0	4	6
0	4	6
0	4	6
0	4	6
0	4	6
0	4	6
0	4	6
0	4	6
0	4	6
0	4	6
0	4	6
0	4	6
0	4	6
0	4	6
0	4	6
0	4	6
0	4	6
0	4	6
0	4	6
0	4	6
0	4	6
0	4	6
0	4	6
0	4	6
0	4	6
0	4	6
0	4	6
0	4	6
0	4	6
0	4	6
0	4	6
0	4	6
0	4	6
0	4	6
0	4	6
0	4	6
0	4	6
0	4	6
0	4	6
0	4	6
0	4	6
0	4	6
0	4	6
0	4	6
0	4	6
0	4	6
0	4	6
0	4	6
0	4	6
0	4	6
0	4	6
0	4	6
0	4	6
0	4	6
0	4	6
0	4	6
0	4	6
0	4	6
0	4	6
0	4	6
0	4	6
0	4	6
0	4	6
0	4	6
0	4	6
0	4	6
0	4	6
0	4	6
0	4	6
0	4	6
0	4	6
0	4	6
0	4	6
0	4	6
0	4	6
0	4	6
0	4	6
0	4	6
0	4	6
0	4	6
0	4	6
0	4	6
0	4	6
0	4	6
0	4	6
0	4	6
0	4	6
0	4	6
0	4	6
0	4	6
0	4	6
0	4	6
0	4	6
0	4	6
0	4	6
0	4	6
0	4	6
0	4	6
0	4	6
0	4	6
0	4	6
0	4	6
0	4	6
0	4	6
0	4	6
0	4	6
0	4	6
0	4	6
0	4	6
0	4	6
0	4	6
0	4	6
0	4	6
0	4	6
0	4	6
0	4	6
0	4	6
0	4	6
0	4	6
0	4	6
0	4	6
0	4	6
0	4	6
0	4	6
0	4	6
0	4	6
0	4	6
0	4	6
0	4	6
0	4	6
0	4	6
0	4	6
0	4	6
0	4	6
0	4	6
0	4	6
0	4	6
0	4	6
0	4	6
0	4	6
0	4	6
0	4	6
0	4	6
0	4	6
0	4	6
0	4	6
0	4	6
0	4	6
0	4	6
0	4	6
0	4	6
0	4	6
0	4	6
0	4	6
0	4	6
0	4	6
0	4	6
0	4	6
0	4	6
0	4	6
0	4	6
0	4	6
0	4	6
0	4	6
0	4	6
0	4	6
0	4	6
0	4	6
0	4	6
0	4	6
0	4	6
0	4	6
0	4	6
0	4	6
0	4	6
0	4	6
0	4	6
0	4	6
0	4	6
0	4	6
0	4	6
0	4	6
0	4	6
0	4	6
0	4	6
0	4	6
0	4	6
0	4	6
0	4	6
0	4	6
0	4	6
0	4	6
0	4	6
0	4	6
0	4	6
0	4	6
0	4	6
0	4	6
0	4	6
0	4	6
0	4	6
0	4	6
0	4	6
0	4	6
0	4	6
0	4	6
0	4	6
0	4	6
0	4	6
0	4	6
0	4	6
0	4	6
0	4	6
0	4	6
0	4	6
0	4	6
0	4	6
0	4	6
0	4	6
0	4	6
0	4	6
1	3	7
1	3	7
1	3	7
1	3	7
1	3	7
1	3	7
1	3	7
1	3	7
1	3	7
1	3	7
1	3	7
1	3	7
1	3	7
1	3	7
1	3	7
1	3	7
1	3	7
1	3	7
1	3	7
1	3	7
1	3	7
1	3	7
1	3	7
1	3	7
1	3	7
1	3	7
1	3	7
1	3	7
1	3	7
1	3	7
1	3	7
1	3	7
1	3	7
1	3	7
1	3	7
1	3	7
1	3	7
1	3	7
1	3	7
1	3	7
1	3	7
1	3	7
1	3	7
1	3	7
1	3	7
1	3	7
1	3	7
1	3	7
1	3	7
1	3	7
1	3	7
1	3	7
1	3	7
1	3	7
1	3	7
1	3	7
1	3	7
1	3	7
1	3	7
1	3	7
1	3	7
1	3	7
1	3	7
1	3	7
1	3	7
1	3	7
1	3	7
1	3	7
1	3	7
1	3	7
1	3	7
1	3	7
1	3	7
1	3	7
1	3	7
1	3	7
1	3	7
1	3	7
1	3	7
1	3	7
1	3	7
1	3	7
1	3	7
1	3	7
1	3	7
1	3	7
1	3	7
1	3	7
1	3	7
1	3	7
1	3	7
1	3	7
1	3	7
1	3	7
1	3	7
1	3	7
1	3	7
1	3	7
1	3	7
1	3	7
1	3	7
1	3	7
1	3	7
1	3	7
1	3	7
1	3	7
1	3	7
1	3	7
1	3	7
1	3	7
1	3	7
1	3	7
1	3	7
1	3	7
1	3	7
1	3	7
1	3	7
1	3	7
1	3	7
1	3	7
1	3	7
1	3	7
1	3	7
1	3	7
1	3	7
1	3	7
1	3	7
1	3	7
1	3	7
1	3	7
1	3	7
1	3	7
1	3	7
1	3	7
1	3	7
1	3	7
1	3	7
1	3	7
1	3	7
1	3	7
1	3	7
1	3	7
1	3	7
1	3	7
1	3	7
1	3	7
1	3	7
1	3	7
1	3	7
1	3	7
1	3	7
1	3	7
1	3	7
1	3	7
1	3	7
1	3	7
1	3	7
1	3	7
1	3	7
1	3	7
1	3	7
1	3	7
1	3	7
1	3	7
1	3	7
1	3	7
1	3	7
1	3	7
1	3	7
1	3	7
1	3	7
1	3	7
1	3	7
1	3	7
1	3	7
1	3	7
1	3	7
1	3	7
1	3	7
1	3	7
1	3	7
1	3	7
1	3	7
1	3	7
1	3	7
1	3	7
1	3	7
1	3	7
1	3	7
1	3	7
1	3	7
1	3	7
1	3	7
1	3	7
1	3	7
1	3	7
1	3	7
1	3	7
1	3	7
1	3	7
1	3	7
1	3	7
1	3	7
1	3	7
1	3	7
1	3	7
1	3	7
1	3	7
1	3	7
1	3	7
1	3	7
1	3	7
1	3	7
1	3	7
1	3	7
1	3	7
1	3	7
1	3	7
1	3	7
1	3	7
1	3	7
1	3	7
1	3	7
1	3	7
1	3	7
1	3	7
1	3	7
1	3	7
1	3	7
1	3	7
1	3	7
1	3	7
1	3	7
1	3	7
1	3	7
1	3	7
1	3	7
1	3	7
1	3	7
1	3	7
1	3	7
1	3	7
1	3	7
1	3	7
1	3	7
1	3	7
1	3	7
1	3	7
1	3	7
1	3	7
1	3	7
1	3	7
1	3	7
1	3	7
1	3	7
1	3	7
1	3	7
1	3	7
1	3	7
1	3	7
1	3	7
1	3	7
1	3	7
1	3	7
1	3	7
1	3	7
1	3	7
1	3	7
1	3	7
1	3	7
1	3	7
1	3	7
1	3	7
1	3	7
1	3	7
1	3	7
1	3	7
0	1	1
0	1	1
0	1	1
0	1	1
0	1	1
0	1	1
0	1	1
0	1	1
0	1	1
0	1	1
0	1	1
0	1	1
0	1	1
0	1	1
0	1	1
0	1	1
0	1	1
0	1	1
0	1	1
0	1	1
0	1	1
0	1	1
0	1	1
0	1	1
0	1	1
0	1	1
0	1	1
0	1	1
0	1	1
0	1	1
0	1	1
0	1	1
0	1	1
0	1	1
0	1	1
0	1	1
0	1	1
0	1	1
0	1	1
0	1	1
0	1	1
0	1	1
0	1	1
0	1	1
0	1	1
0	1	1
0	1	1
0	1	1
0	1	1
0	1	1
0	1	1
0	1	1
0	1	1
0	1	1
0	1	1
0	1	1
0	1	1
0	1	1
0	1	1
0	1	1
0	1	1
0	1	1
0	1	1
0	1	1
0	1	1
0	1	1
0	1	1
0	1	1
0	1	1
0	1	1
0	1	1
0	1	1
0	1	1
0	1	1
0	1	1
0	1	1
0	1	1
0	1	1
0	1	1
0	1	1
0	1	1
0	1	1
0	1	1
0	1	1
0	1	1
0	1	1
0	1	1
0	1	1
0	1	1
0	1	1
0	1	1
0	1	1
0	1	1
0	1	1
0	1	1
0	1	1
0	1	1
0	1	1
0	1	1
0	1	1
0	1	1
0	1	1
0	1	1
0	1	1
0	1	1
0	1	1
0	1	1
0	1	1
0	1	1
0	1	1
0	1	1
0	1	1
0	1	1
0	1	1
0	1	1
0	1	1
0	1	1
0	1	1
0	1	1
0	1	1
0	1	1
0	1	1
0	1	1
0	1	1
0	1	1
0	1	1
0	1	1
0	1	1
0	1	1
0	1	1
0	1	1
0	1	1
0	1	1
0	1	1
0	1	1
0	1	1
0	1	1
0	1	1
0	1	1
0	1	1
0	1	1
0	1	1
0	1	1
0	1	1
0	1	1
0	1	1
0	1	1
0	1	1
0	1	1
0	1	1
0	1	1
0	1	1
0	1	1
0	1	1
0	1	1
0	1	1
0	1	1
0	1	1
0	1	1
0	1	1
0	1	1
0	1	1
0	1	1
0	1	1
0	1	1
0	1	1
0	1	1
0	1	1
0	1	1
0	1	1
0	1	1
0	1	1
0	1	1
0	1	1
0	1	1
0	1	1
0	1	1
0	1	1
0	1	1
0	1	1
0	1	1
0	1	1
0	1	1
0	1	1
0	1	1
0	1	1
0	1	1
0	1	1
0	1	1
0	1	1
0	1	1
0	1	1
0	1	1
0	1	1
0	1	1
0	1	1
0	1	1
0	1	1
0	1	1
0	1	1
0	1	1
0	1	1
0	1	1
0	1	1
0	1	1
0	1	1
0	1	1
0	1	1
0	1	1
0	1	1
0	1	1
0	1	1
0	1	1
0	1	1
0	1	1
0	1	1
0	1	1
0	1	1
0	1	1
0	1	1
0	1	1
0	1	1
0	1	1
0	1	1
0	1	1
0	1	1
0	1	1
0	1	1
0	1	1
0	1	1
0	1	1
0	1	1
0	1	1
0	1	1
0	1	1
0	1	1
0	1	1
0	1	1
0	1	1
0	1	1
0	1	1
0	1	1
0	1	1
0	1	1
0	1	1
0	1	1
0	1	1
0	1	1
0	1	1
0	1	1
0	1	1
0	1	1
0	1	1
0	1	1
0	1	1
0	1	1
0	1	1
0	1	1
0	1	1
0	1	1
0	1	1
0	1	1
0	1	1
0	1	1
0	1	1
0	1	1
0	1	1
0	1	1
0	1	1
0	1	1
0	1	1
0	1	1
0	1	1
0	5	8
0	5	8
0	5	8
0	5	8
0	5	8
0	5	8
0	5	8
0	5	8
0	5	8
0	5	8
0	5	8
0	5	8
0	5	8
0	5	8
0	5	8
0	5	8
0	5	8
0	5	8
0	5	8
0	5	8
0	5	8
0	5	8
0	5	8
0	5	8
0	5	8
0	5	8
0	5	8
0	5	8
0	5	8
0	5	8
0	5	8
0	5	8
0	5	8
0	5	8
0	5	8
0	5	8
0	5	8
0	5	8
0	5	8
0	5	8
0	5	8
0	5	8
0	5	8
0	5	8
0	5	8
0	5	8
0	5	8
0	5	8
0	5	8
0	5	8
0	5	8
0	5	8
0	5	8
0	5	8
0	5	8
0	5	8
0	5	8
0	5	8
0	5	8
0	5	8
0	5	8
0	5	8
0	5	8
0	5	8
0	5	8
0	5	8
0	5	8
0	5	8
0	5	8
0	5	8
0	5	8
0	5	8
0	5	8
0	5	8
0	5	8
0	5	8
0	5	8
0	5	8
0	5	8
0	5	8
0	5	8
0	5	8
0	5	8
0	5	8
0	5	8
0	5	8
0	5	8
0	5	8
0	5	8
0	5	8
0	5	8
0	5	8
0	5	8
0	5	8
0	5	8
0	5	8
0	5	8
0	5	8
0	5	8
0	5	8
0	5	8
0	5	8
0	5	8
0	5	8
0	5	8
0	5	8
0	5	8
0	5	8
0	5	8
0	5	8
0	5	8
0	5	8
0	5	8
0	5	8
0	5	8
0	5	8
0	5	8
0	5	8
0	5	8
0	5	8
0	5	8
0	5	8
0	5	8
0	5	8
0	5	8
0	5	8
0	5	8
0	5	8
0	5	8
0	5	8
0	5	8
0	5	8
0	5	8
0	5	8
0	5	8
0	5	8
0	5	8
0	5	8
0	5	8
0	5	8
0	5	8
0	5	8
0	5	8
0	5	8
0	5	8
0	5	8
0	5	8
0	5	8
0	5	8
0	5	8
0	5	8
0	5	8
0	5	8
0	5	8
0	5	8
0	5	8
0	5	8
0	5	8
0	5	8
0	5	8
0	5	8
0	5	8
0	5	8
0	5	8
0	5	8
0	5	8
0	5	8
0	5	8
0	5	8
0	5	8
0	5	8
0	5	8
0	5	8
0	5	8
0	5	8
0	5	8
0	5	8
0	5	8
0	5	8
0	5	8
0	5	8
0	5	8
0	5	8
0	5	8
0	5	8
0	5	8
0	5	8
0	5	8
0	5	8
0	5	8
0	5	8
0	5	8
0	5	8
0	5	8
0	5	8
0	5	8
0	5	8
0	5	8
0	5	8
0	5	8
0	5	8
0	5	8
0	5	8
0	5	8
0	5	8
0	5	8
0	5	8
0	5	8
0	5	8
0	5	8
0	5	8
0	5	8
0	5	8
0	5	8
0	5	8
0	5	8
0	5	8
0	5	8
0	5	8
0	5	8
0	5	8
0	5	8
0	5	8
0	5	8
0	5	8
0	5	8
0	5	8
0	5	8
0	5	8
0	5	8
0	5	8
0	5	8
0	5	8
0	5	8
0	5	8
0	5	8
0	5	8
0	5	8
0	5	8
0	5	8
0	5	8
0	5	8
0	5	8
0	5	8
0	5	8
0	5	8
0	5	8
0	5	8
0	5	8
0	5	8
0	5	8
0	5	8
0	5	8
0	5	8
0	5	8
0	5	8
0	5	8
0	5	8
0	5	8
0	5	8
0	5	8
0	5	8
0	5	8
0	5	8
0	5	8
0	5	8
0	5	8
0	5	8
0	5	8
0	5	8
0	5	8
0	5	8
0	5	8
0	5	8
0	5	8
0	5	8
0	5	8
0	5	8
0	5	8
0	5	8
0	5	8
0	5	8
0	5	8
0	5	8
0	5	8
0	5	8
0	5	8
0	5	8
0	5	8
0	5	8
0	5	8
0	5	8
0	5	8
0	5	8
0	1	1
0	1	1
0	1	1
0	1	1
0	1	1
0	1	1
0	1	1
0	1	1
0	1	1
0	1	1
0	1	1
0	1	1
0	1	1
0	1	1
0	1	1
0	1	1
0	1	1
0	1	1
0	1	1
0	1	1
0	1	1
0	1	1
0	1	1
0	1	1
0	1	1
0	1	1
0	1	1
0	1	1
0	1	1
0	1	1
0	1	1
0	1	1
0	1	1
0	1	1
0	1	1
0	1	1
0	1	1
0	1	1
0	1	1
0	1	1
0	1	1
0	1	1
0	1	1
0	1	1
0	1	1
0	1	1
0	1	1
0	1	1
0	1	1
0	1	1
0	1	1
0	1	1
0	1	1
0	1	1
0	1	1
0	1	1
0	1	1
0	1	1
0	1	1
0	1	1
0	1	1
0	1	1
0	1	1
0	1	1
0	1	1
0	1	1
0	1	1
0	1	1
0	1	1
0	1	1
0	1	1
0	1	1
0	1	1
0	1	1
0	1	1
0	1	1
0	1	1
0	1	1
0	1	1
0	1	1
0	1	1
0	1	1
0	1	1
0	1	1
0	1	1
0	1	1
0	1	1
0	1	1
0	1	1
0	1	1
0	1	1
0	1	1
0	1	1
0	1	1
0	1	1
0	1	1
0	1	1
0	1	1
0	1	1
0	1	1
0	1	1
0	1	1
0	1	1
0	1	1
0	1	1
0	1	1
0	1	1
0	1	1
0	1	1
0	1	1
0	1	1
0	1	1
0	1	1
0	1	1
0	1	1
0	1	1
0	1	1
0	1	1
0	1	1
0	1	1
0	1	1
0	1	1
0	1	1
0	1	1
0	1	1
0	1	1
0	1	1
0	1	1
0	1	1
0	1	1
0	1	1
0	1	1
0	1	1
0	1	1
0	1	1
0	1	1
0	1	1
0	1	1
0	1	1
0	1	1
0	1	1
0	1	1
0	1	1
0	1	1
0	1	1
0	1	1
0	1	1
0	1	1
0	1	1
0	1	1
0	1	1
0	1	1
0	1	1
0	1	1
0	1	1
0	1	1
0	1	1
0	1	1
0	1	1
0	1	1
0	1	1
0	1	1
0	1	1
0	1	1
0	1	1
0	1	1
0	1	1
0	1	1
0	1	1
0	1	1
0	1	1
0	1	1
0	1	1
0	1	1
0	1	1
0	1	1
0	1	1
0	1	1
0	1	1
0	1	1
0	1	1
0	1	1
0	1	1
0	1	1
0	1	1
0	1	1
0	1	1
0	1	1
0	1	1
0	1	1
0	1	1
0	1	1
0	1	1
0	1	1
0	1	1
0	1	1
0	1	1
0	1	1
0	1	1
0	1	1
0	1	1
0	1	1
0	1	1
0	1	1
0	1	1
0	1	1
0	1	1
0	1	1
0	1	1
0	1	1
0	1	1
0	1	1
0	1	1
0	1	1
0	1	1
0	1	1
0	1	1
0	1	1
0	1	1
0	1	1
0	1	1
0	1	1
0	1	1
0	1	1
0	1	1
0	1	1
0	1	1
0	1	1
0	1	1
0	1	1
0	1	1
0	1	1
0	1	1
0	1	1
0	1	1
0	1	1
0	1	1
0	1	1
0	1	1
0	1	1
0	1	1
0	1	1
0	1	1
0	1	1
0	1	1
0	1	1
0	1	1
0	1	1
0	1	1
0	1	1
0	1	1
0	1	1
0	1	1
0	1	1
0	1	1
0	1	1
0	1	1
0	1	1
0	1	1
0	1	1
0	1	1
0	1	1
0	1	1
0	1	1
0	1	1
0	1	1
0	1	1
0	1	1
0	1	1
0	1	1
0	1	1
0	1	1
0	1	1
0	1	1
0	1	1
0	1	1
0	1	1
0	1	1
0	1	9
0	1	9
0	1	9
0	1	9
0	1	9
0	1	9
0	1	9
0	1	9
0	1	9
0	1	9
0	1	9
0	1	9
0	1	9
0	1	9
0	1	9
0	1	9
0	1	9
0	1	9
0	1	9
0	1	9
0	1	9
0	1	9
0	1	9
0	1	9
0	1	9
0	1	9
0	1	9
0	1	9
0	1	9
0	1	9
0	1	9
0	1	9
0	1	9
0	1	9
0	1	9
0	1	9
0	1	9
0	1	9
0	1	9
0	1	9
0	1	9
0	1	9
0	1	9
0	1	9
0	1	9
0	1	9
0	1	9
0	1	9
0	1	9
0	1	9
0	1	9
0	1	9
0	1	9
0	1	9
0	1	9
0	1	9
0	1	9
0	1	9
0	1	9
0	1	9
0	1	9
0	1	9
0	1	9
0	1	9
0	1	9
0	1	9
0	1	9
0	1	9
0	1	9
0	1	9
0	1	9
0	1	9
0	1	9
0	1	9
0	1	9
0	1	9
0	1	9
0	1	9
0	1	9
0	1	9
0	1	9
0	1	9
0	1	9
0	1	9
0	1	9
0	1	9
0	1	9
0	1	9
0	1	9
0	1	9
0	1	9
0	1	9
0	1	9
0	1	9
0	1	9
0	1	9
0	1	9
0	1	9
0	1	9
0	1	9
0	1	9
0	1	9
0	1	9
0	1	9
0	1	9
0	1	9
0	1	9
0	1	9
0	1	9
0	1	9
0	1	9
0	1	9
0	1	9
0	1	9
0	1	9
0	1	9
0	1	9
0	1	9
0	1	9
0	1	9
0	1	9
0	1	9
0	1	9
0	1	9
0	1	9
0	1	9
0	1	9
0	1	9
0	1	9
0	1	9
0	1	9
0	1	9
0	1	9
0	1	9
0	1	9
0	1	9
0	1	9
0	1	9
0	1	9
0	1	9
0	1	9
0	1	9
0	1	9
0	1	9
0	1	9
0	1	9
0	1	9
0	1	9
0	1	9
0	1	9
0	1	9
0	1	9
0	1	9
0	1	9
0	1	9
0	1	9
0	1	9
0	1	9
0	1	9
0	1	9
0	1	9
0	1	9
0	1	9
0	1	9
0	1	9
0	1	9
0	1	9
0	1	9
0	1	9
0	1	9
0	1	9
0	1	9
0	1	9
0	1	9
0	1	9
0	1	9
0	1	9
0	1	9
0	1	9
0	1	9
0	1	9
0	1	9
0	1	9
0	1	9
0	1	9
0	1	9
0	1	9
0	1	9
0	1	9
0	1	9
0	1	9
0	1	9
0	1	9
0	1	9
0	1	9
0	1	9
0	1	9
0	1	9
0	1	9
0	1	9
0	1	9
0	1	9
0	1	9
0	1	9
0	1	9
0	1	9
0	1	9
0	1	9
0	1	9
0	1	9
0	1	9
0	1	9
0	1	9
0	1	9
0	1	9
0	1	9
0	1	9
0	1	9
0	1	9
0	1	9
0	1	9
0	1	9
0	1	9
0	1	9
0	1	9
0	1	9
0	1	9
0	1	9
0	1	9
0	1	9
0	1	9
0	1	9
0	1	9
0	1	9
0	1	9
0	1	9
0	1	9
0	1	9
0	1	9
0	1	9
0	1	9
0	1	9
0	1	9
0	1	9
0	1	9
0	1	9
0	1	9
0	1	9
0	1	9
0	1	9
0	1	9
0	1	9
0	1	9
0	1	9
0	1	9
0	1	9
0	1	9
0	1	9
0	1	9
0	1	9
0	1	9
0	1	9
0	1	9
0	1	9
0	1	9
0	1	9
0	1	9
0	1	9
0	1	9
0	1	9
0	1	9
0	1	9
0	1	9
0	1	9
0	1	9
0	1	9
0	1	9
0	3	3
0	3	3
0	3	3
0	3	3
0	3	3
0	3	3
0	3	3
0	3	3
0	3	3
0	3	3
0	3	3
0	3	3
0	3	3
0	3	3
0	3	3
0	3	3
0	3	3
0	3	3
0	3	3
0	3	3
0	3	3
0	3	3
0	3	3
0	3	3
0	3	3
0	3	3
0	3	3
0	3	3
0	3	3
0	3	3
0	3	3
0	3	3
0	3	3
0	3	3
0	3	3
0	3	3
0	3	3
0	3	3
0	3	3
0	3	3
0	3	3
0	3	3
0	3	3
0	3	3
0	3	3
0	3	3
0	3	3
0	3	3
0	3	3
0	3	3
0	3	3
0	3	3
0	3	3
0	3	3
0	3	3
0	3	3
0	3	3
0	3	3
0	3	3
0	3	3
0	3	3
0	3	3
0	3	3
0	3	3
0	3	3
0	3	3
0	3	3
0	3	3
0	3	3
0	3	3
0	3	3
0	3	3
0	3	3
0	3	3
0	3	3
0	3	3
0	3	3
0	3	3
0	3	3
0	3	3
0	3	3
0	3	3
0	3	3
0	3	3
0	3	3
0	3	3
0	3	3
0	3	3
0	3	3
0	3	3
0	3	3
0	3	3
0	3	3
0	3	3
0	3	3
0	3	3
0	3	3
0	3	3
0	3	3
0	3	3
0	3	3
0	3	3
0	3	3
0	3	3
0	3	3
0	3	3
0	3	3
0	3	3
0	3	3
0	3	3
0	3	3
0	3	3
0	3	3
0	3	3
0	3	3
0	3	3
0	3	3
0	3	3
0	3	3
0	3	3
0	3	3
0	3	3
0	3	3
0	3	3
0	3	3
0	3	3
0	3	3
0	3	3
0	3	3
0	3	3
0	3	3
0	3	3
0	3	3
0	3	3
0	3	3
0	3	3
0	3	3
0	3	3
0	3	3
0	3	3
0	3	3
0	3	3
0	3	3
0	3	3
0	3	3
0	3	3
0	3	3
0	3	3
0	3	3
0	3	3
0	3	3
0	3	3
0	3	3
0	3	3
0	3	3
0	3	3
0	3	3
0	3	3
0	3	3
0	3	3
0	3	3
0	3	3
0	3	3
0	3	3
0	3	3
0	3	3
0	3	3
0	3	3
0	3	3
0	3	3
0	3	3
0	3	3
0	3	3
0	3	3
0	3	3
0	3	3
0	3	3
0	3	3
0	3	3
0	3	3
0	3	3
0	3	3
0	3	3
0	3	3
0	3	3
0	3	3
0	3	3
0	3	3
0	3	3
0	3	3
0	3	3
0	3	3
0	3	3
0	3	3
0	3	3
0	3	3
0	3	3
0	3	3
0	3	3
0	3	3
0	3	3
0	3	3
0	3	3
0	3	3
0	3	3
0	3	3
0	3	3
0	3	3
0	3	3
0	3	3
0	3	3
0	3	3
0	3	3
0	3	3
0	3	3
0	3	3
0	3	3
0	3	3
0	3	3
0	3	3
0	3	3
0	3	3
0	3	3
0	3	3
0	3	3
0	3	3
0	3	3
0	3	3
0	3	3
0	3	3
0	3	3
0	3	3
0	3	3
0	3	3
0	3	3
0	3	3
0	3	3
0	3	3
0	3	3
0	3	3
0	3	3
0	3	3
0	3	3
0	3	3
0	3	3
0	3	3
0	3	3
0	3	3
0	3	3
0	3	3
0	3	3
0	3	3
0	3	3
0	3	3
0	3	3
0	3	3
0	3	3
0	3	3
0	3	3
0	3	3
0	3	3
0	3	3
0	3	3
0	3	3
0	3	3
0	3	3
0	3	3
0	3	3
0	3	3
0	3	3
0	3	3
0	3	3
0	3	3
0	3	3
0	3	3
0	3	3
0	3	3
0	3	3
0	3	3
0	3	3
0	3	3
0	3	3
0	3	3
0	3	3
0	3	3
0	3	3
0	2	2
0	2	2
0	2	2
0	2	2
0	2	2
0	2	2
0	2	2
0	2	2
0	2	2
0	2	2
0	2	2
0	2	2
0	2	2
0	2	2
0	2	2
0	2	2
0	2	2
0	2	2
0	2	2
0	2	2
0	2	2
0	2	2
0	2	2
0	2	2
0	2	2
0	2	2
0	2	2
0	2	2
0	2	2
0	2	2
0	2	2
0	2	2
0	2	2
0	2	2
0	2	2
0	2	2
0	2	2
0	2	2
0	2	2
0	2	2
0	2	2
0	2	2
0	2	2
0	2	2
0	2	2
0	2	2
0	2	2
0	2	2
0	2	2
0	2	2
0	2	2
0	2	2
0	2	2
0	2	2
0	2	2
0	2	2
0	2	2
0	2	2
0	2	2
0	2	2
0	2	2
0	2	2
0	2	2
0	2	2
0	2	2
0	2	2
0	2	2
0	2	2
0	2	2
0	2	2
0	2	2
0	2	2
0	2	2
0	2	2
0	2	2
0	2	2
0	2	2
0	2	2
0	2	2
0	2	2
0	2	2
0	2	2
0	2	2
0	2	2
0	2	2
0	2	2
0	2	2
0	2	2
0	2	2
0	2	2
0	2	2
0	2	2
0	2	2
0	2	2
0	2	2
0	2	2
0	2	2
0	2	2
0	2	2
0	2	2
0	2	2
0	2	2
0	2	2
0	2	2
0	2	2
0	2	2
0	2	2
0	2	2
0	2	2
0	2	2
0	2	2
0	2	2
0	2	2
0	2	2
0	2	2
0	2	2
0	2	2
0	2	2
0	2	2
0	2	2
0	2	2
0	2	2
0	2	2
0	2	2
0	2	2
0	2	2
0	2	2
0	2	2
0	2	2
0	2	2
0	2	2
0	2	2
0	2	2
0	2	2
0	2	2
0	2	2
0	2	2
0	2	2
0	2	2
0	2	2
0	2	2
0	2	2
0	2	2
0	2	2
0	2	2
0	2	2
0	2	2
0	2	2
0	2	2
0	2	2
0	2	2
0	2	2
0	2	2
0	2	2
0	2	2
0	2	2
0	2	2
0	2	2
0	2	2
0	2	2
0	2	2
0	2	2
0	2	2
0	2	2
0	2	2
0	2	2
0	2	2
0	2	2
0	2	2
0	2	2
0	2	2
0	2	2
0	2	2
0	2	2
0	2	2
0	2	2
0	2	2
0	2	2
0	2	2
0	2	2
0	2	2
0	2	2
0	2	2
0	2	2
0	2	2
0	2	2
0	2	2
0	2	2
0	2	2
0	2	2
0	2	2
0	2	2
0	2	2
0	2	2
0	2	2
0	2	2
0	2	2
0	2	2
0	2	2
0	2	2
0	2	2
0	2	2
0	2	2
0	2	2
0	2	2
0	2	2
0	2	2
0	2	2
0	2	2
0	2	2
0	2	2
0	2	2
0	2	2
0	2	2
0	2	2
0	2	2
0	2	2
0	2	2
0	2	2
0	2	2
0	2	2
0	2	2
0	2	2
0	2	2
0	2	2
0	2	2
0	2	2
0	2	2
0	2	2
0	2	2
0	2	2
0	2	2
0	2	2
0	2	2
0	2	2
0	2	2
0	2	2
0	2	2
0	2	2
0	2	2
0	2	2
0	2	2
0	2	2
0	2	2
0	2	2
0	2	2
0	2	2
0	2	2
0	2	2
0	2	2
0	2	2
0	2	2
0	2	2
0	2	2
0	2	2
0	2	2
0	2	2
0	2	2
0	2	2
0	2	2
0	2	2
0	2	2
0	2	2
0	2	2
0	2	2
0	2	2
0	2	2
0	2	2
0	2	2
0	2	2
0	2	2
0	2	2
0	2	2
0	2	2
0	2	2
0	2	2
0	2	2
0	2	2
0	2	2
0	2	2
0	2	2
0	2	2
0	2	2
0	2	2
0	2	2
0	2	2
0	2	2
0	2	2
0	2	2
0	2	2
0	2	2
0	2	2
0	2	2
0	2	2
0	2	2
0	2	2
0	2	2
0	2	2
0	2	2
0	2	2
0	2	2
0	2	2
0	2	2
0	2	2
0	2	2
0	2	2
0	2	2
0	2	2
0	2	2
0	2	2
0	2	2
0	2	2
0	2	2
0	2	2
0	2	2
0	2	2
0	2	2
0	2	2
0	2	2
0	2	2
0	2	2
0	2	2
0	2	2
0	2	2
0	2	2
0	2	2
0	2	2
0	2	2
0	2	2
0	2	2
0	2	2
0	2	2
0	2	2
0	2	2
0	2	2
0	2	2
0	2	2
0	2	2
0	2	2
0	2	2
0	2	2
0	2	2
0	2	2
0	2	2
0	2	2
0	2	2
0	2	2
0	2	2
0	2	2
0	2	2
0	2	2
0	2	2
0	2	2
0	2	2
0	2	2
0	2	2
0	2	2
0	2	2
0	2	2
0	2	2
0	2	2
0	2	2
0	2	2
0	2	2
0	2	2
0	2	2
0	2	2
0	2	2
0	2	2
0	2	2
0	2	2
0	2	2
0	2	2
0	2	2
0	2	2
0	2	2
0	2	2
0	2	2
0	2	2
0	2	2
0	2	2
0	2	2
0	2	2
0	2	2
0	2	2
0	2	2
0	2	2
0	2	2
0	2	2
0	2	2
0	2	2
0	2	2
0	2	2
0	2	2
0	2	2
0	2	2
0	2	2
0	2	2
0	2	2
0	2	2
0	2	2
0	2	2
0	2	2
0	2	2
0	2	2
0	2	2
0	2	2
0	2	2
0	2	2
0	2	2
0	2	2
0	2	2
0	2	2
0	2	2
0	2	2
0	2	2
0	2	2
0	2	2
0	2	2
0	2	2
0	2	2
0	2	2
0	2	2
0	2	2
0	2	2
0	2	2
0	2	2
0	2	2
0	2	2
0	2	2
0	2	2
0	2	2
0	2	2
0	2	2
0	2	2
0	2	2
0	2	2
0	2	2
0	2	2
0	2	2
0	2	2
0	2	2
0	2	2
0	2	2
0	2	2
0	2	2
0	2	2
0	2	2
0	2	2
0	2	2
0	2	2
0	2	2
0	2	2
0	2	2
0	2	2
0	2	2
0	2	2
0	2	2
0	2	2
0	2	2
0	2	2
0	2	2
0	2	2
0	2	2
0	2	2
0	2	2
0	2	2
0	2	2
0	2	2
0	2	2
0	2	2
0	2	2
0	2	2
0	2	2
0	2	2
0	2	2
0	2	2
0	2	2
0	2	2
0	2	2
0	2	2
0	2	2
0	2	2
0	2	2
0	2	2
0	2	2
0	2	2
0	2	2
0	2	2
0	2	2
0	2	2
0	2	2
0	2	2
0	2	2
0	2	2
0	2	2
0	2	2
0	2	2
0	2	2
0	2	2
0	2	2
0	2	2
0	2	2
0	2	2
0	2	2
0	2	2
0	2	2
0	2	2
0	2	2
0	2	2
0	2	2
0	2	2
0	2	2
0	2	2
0	2	2
0	2	2
0	2	2
0	2	2
0	2	2
0	2	2
0	2	2
0	2	2
0	2	2
0	2	2
0	2	2
0	2	2
0	2	2
0	2	2
0	2	2
0	2	2
0	2	2
0	2	2
0	2	2
0	2	2
0	2	2
0	2	2
0	2	2
0	2	2
0	2	2
0	2	2
0	2	2
0	2	2
0	2	2
0	2	2
0	2	2
0	2	2
0	2	2
0	2	2
0	2	2
0	2	2
0	2	2
0	2	2
0	2	2
0	2	2
0	2	2
0	2	2
0	2	2
0	2	2
0	2	2
0	2	2
0	2	2
0	2	2
1	1	10
1	1	10
1	1	10
1	1	10
1	1	10
1	1	10
1	1	10
1	1	10
1	1	10
1	1	10
1	1	10
1	1	10
1	1	10
1	1	10
1	1	10
1	1	10
1	1	10
1	1	10
1	1	10
1	1	10
1	1	10
1	1	10
1	1	10
1	1	10
1	1	10
1	1	10
1	1	10
1	1	10
1	1	10
1	1	10
1	1	10
1	1	10
1	1	10
1	1	10
1	1	10
1	1	10
1	1	10
1	1	10
1	1	10
1	1	10
1	1	10
1	1	10
1	1	10
1	1	10
1	1	10
1	1	10
1	1	10
1	1	10
1	1	10
1	1	10
1	1	10
1	1	10
1	1	10
1	1	10
1	1	10
1	1	10
1	1	10
1	1	10
1	1	10
1	1	10
1	1	10
1	1	10
1	1	10
1	1	10
1	1	10
1	1	10
1	1	10
1	1	10
1	1	10
1	1	10
1	1	10
1	1	10
1	1	10
1	1	10
1	1	10
1	1	10
1	1	10
1	1	10
1	1	10
1	1	10
1	1	10
1	1	10
1	1	10
1	1	10
1	1	10
1	1	10
1	1	10
1	1	10
1	1	10
1	1	10
1	1	10
1	1	10
1	1	10
1	1	10
1	1	10
1	1	10
1	1	10
1	1	10
1	1	10
1	1	10
1	1	10
1	1	10
1	1	10
1	1	10
1	1	10
1	1	10
1	1	10
1	1	10
1	1	10
1	1	10
1	1	10
1	1	10
1	1	10
1	1	10
1	1	10
1	1	10
1	1	10
1	1	10
1	1	10
1	1	10
1	1	10
1	1	10
1	1	10
1	1	10
1	1	10
1	1	10
1	1	10
1	1	10
1	1	10
1	1	10
1	1	10
1	1	10
1	1	10
1	1	10
1	1	10
1	1	10
1	1	10
1	1	10
1	1	10
1	1	10
1	1	10
1	1	10
1	1	10
1	1	10
1	1	10
1	1	10
1	1	10
1	1	10
1	1	10
1	1	10
1	1	10
1	1	10
1	1	10
1	1	10
1	1	10
1	1	10
1	1	10
1	1	10
1	1	10
1	1	10
1	1	10
1	1	10
1	1	10
1	1	10
1	1	10
1	1	10
1	1	10
1	1	10
1	1	10
1	1	10
1	1	10
1	1	10
1	1	10
1	1	10
1	1	10
1	1	10
1	1	10
1	1	10
1	1	10
1	1	10
1	1	10
1	1	10
1	1	10
1	1	10
1	1	10
1	1	10
1	1	10
1	1	10
1	1	10
1	1	10
1	1	10
1	1	10
1	1	10
1	1	10
1	1	10
1	1	10
1	1	10
1	1	10
1	1	10
1	1	10
1	1	10
1	1	10
1	1	10
1	1	10
1	1	10
1	1	10
1	1	10
1	1	10
1	1	10
1	1	10
1	1	10
1	1	10
1	1	10
1	1	10
1	1	10
1	1	10
1	1	10
1	1	10
1	1	10
1	1	10
1	1	10
1	1	10
1	1	10
1	1	10
1	1	10
1	1	10
1	1	10
1	1	10
1	1	10
1	1	10
1	1	10
1	1	10
1	1	10
1	1	10
1	1	10
1	1	10
1	1	10
1	1	10
1	1	10
1	1	10
1	1	10
1	1	10
1	1	10
1	1	10
1	1	10
1	1	10
1	1	10
1	1	10
1	1	10
1	1	10
1	1	10
1	1	10
1	1	10
1	1	10
1	1	10
1	1	10
1	1	10
1	1	10
1	1	10
1	1	10
1	1	10
0	2	2
0	2	2
0	2	2
0	2	2
0	2	2
0	2	2
0	2	2
0	2	2
0	2	2
0	2	2
0	2	2
0	2	2
0	2	2
0	2	2
0	2	2
0	2	2
0	2	2
0	2	2
0	2	2
0	2	2
0	2	2
0	2	2
0	2	2
0	2	2
0	2	2
0	2	2
0	2	2
0	2	2
0	2	2
0	2	2
0	2	2
0	2	2
0	2	2
0	2	2
0	2	2
0	2	2
0	2	2
0	2	2
0	2	2
0	2	2
0	2	2
0	2	2
0	2	2
0	2	2
0	2	2
0	2	2
0	2	2
0	2	2
0	2	2
0	2	2
0	2	2
0	2	2
0	2	2
0	2	2
0	2	2
0	2	2
0	2	2
0	2	2
0	2	2
0	2	2
0	2	2
0	2	2
0	2	2
0	2	2
0	2	2
0	2	2
0	2	2
0	2	2
0	2	2
0	2	2
0	2	2
0	2	2
0	2	2
0	2	2
0	2	2
0	2	2
0	2	2
0	2	2
0	2	2
0	2	2
0	2	2
0	2	2
0	2	2
0	2	2
0	2	2
0	2	2
0	2	2
0	2	2
0	2	2
0	2	2
0	2	2
0	2	2
0	2	2
0	2	2
0	2	2
0	2	2
0	2	2
0	2	2
0	2	2
0	2	2
0	2	2
0	2	2
0	2	2
0	2	2
0	2	2
0	2	2
0	2	2
0	2	2
0	2	2
0	2	2
0	2	2
0	2	2
0	2	2
0	2	2
0	2	2
0	2	2
0	2	2
0	2	2
0	2	2
0	2	2
0	2	2
0	2	2
0	2	2
0	2	2
0	2	2
0	2	2
0	2	2
0	2	2
0	2	2
0	2	2
0	2	2
0	2	2
0	2	2
0	2	2
0	2	2
0	2	2
0	2	2
0	2	2
0	2	2
0	2	2
0	2	2
0	2	2
0	2	2
0	2	2
0	2	2
0	2	2
0	2	2
0	2	2
0	2	2
0	2	2
0	2	2
0	2	2
0	2	2
0	2	2
0	2	2
0	2	2
0	2	2
0	2	2
0	2	2
0	2	2
0	2	2
0	2	2
0	2	2
0	2	2
0	2	2
0	2	2
0	2	2
0	2	2
0	2	2
0	2	2
0	2	2
0	2	2
0	2	2
0	2	2
0	2	2
0	2	2
0	2	2
0	2	2
0	2	2
0	2	2
0	2	2
0	2	2
0	2	2
0	2	2
0	2	2
0	2	2
0	2	2
0	2	2
0	2	2
0	2	2
0	2	2
0	2	2
0	2	2
0	2	2
0	2	2
0	2	2
0	2	2
0	2	2
0	2	2
0	2	2
0	2	2
0	2	2
0	2	2
0	2	2
0	2	2
0	2	2
0	2	2
0	2	2
0	2	2
0	2	2
0	2	2
0	2	2
0	2	2
0	2	2
0	2	2
0	2	2
0	2	2
0	2	2
0	2	2
0	2	2
0	2	2
0	2	2
0	2	2
0	2	2
0	2	2
0	2	2
0	2	2
0	2	2
0	2	2
0	2	2
0	2	2
0	2	2
0	2	2
0	2	2
0	2	2
0	2	2
0	2	2
0	2	2
0	2	2
0	2	2
0	2	2
0	2	2
0	2	2
0	2	2
0	2	2
0	2	2
0	2	2
0	2	2
0	2	2
0	2	2
1	1	11
1	1	11
1	1	11
1	1	11
1	1	11
1	1	11
1	1	11
1	1	11
1	1	11
1	1	11
1	1	11
1	1	11
1	1	11
1	1	11
1	1	11
1	1	11
1	1	11
1	1	11
1	1	11
1	1	11
1	1	11
1	1	11
1	1	11
1	1	11
1	1	11
1	1	11
1	1	11
1	1	11
1	1	11
1	1	11
1	1	11
1	1	11
1	1	11
1	1	11
1	1	11
1	1	11
1	1	11
1	1	11
1	1	11
1	1	11
1	1	11
1	1	11
1	1	11
1	1	11
1	1	11
1	1	11
1	1	11
1	1	11
1	1	11
1	1	11
1	1	11
1	1	11
1	1	11
1	1	11
1	1	11
1	1	11
1	1	11
1	1	11
1	1	11
1	1	11
1	1	11
1	1	11
1	1	11
1	1	11
1	1	11
1	1	11
1	1	11
1	1	11
1	1	11
1	1	11
1	1	11
1	1	11
1	1	11
1	1	11
1	1	11
1	1	11
1	1	11
1	1	11
1	1	11
1	1	11
1	1	11
1	1	11
1	1	11
1	1	11
1	1	11
1	1	11
1	1	11
1	1	11
1	1	11
1	1	11
1	1	11
1	1	11
1	1	11
1	1	11
1	1	11
1	1	11
1	1	11
1	1	11
1	1	11
1	1	11
1	1	11
1	1	11
1	1	11
1	1	11
1	1	11
1	1	11
1	1	11
1	1	11
1	1	11
1	1	11
1	1	11
1	1	11
1	1	11
1	1	11
1	1	11
1	1	11
1	1	11
1	1	11
1	1	11
1	1	11
1	1	11
1	1	11
1	1	11
1	1	11
1	1	11
1	1	11
1	1	11
1	1	11
1	1	11
1	1	11
1	1	11
1	1	11
1	1	11
1	1	11
1	1	11
1	1	11
1	1	11
1	1	11
1	1	11
1	1	11
1	1	11
1	1	11
1	1	11
1	1	11
1	1	11
1	1	11
1	1	11
1	1	11
1	1	11
1	1	11
1	1	11
1	1	11
1	1	11
1	1	11
1	1	11
1	1	11
1	1	11
1	1	11
1	1	11
1	1	11
1	1	11
1	1	11
1	1	11
1	1	11
1	1	11
1	1	11
1	1	11
1	1	11
1	1	11
1	1	11
1	1	11
1	1	11
1	1	11
1	1	11
1	1	11
1	1	11
1	1	11
1	1	11
1	1	11
1	1	11
1	1	11
1	1	11
1	1	11
1	1	11
1	1	11
1	1	11
1	1	11
1	1	11
1	1	11
1	1	11
1	1	11
1	1	11
1	1	11
1	1	11
1	1	11
1	1	11
1	1	11
1	1	11
1	1	11
1	1	11
1	1	11
1	1	11
1	1	11
1	1	11
1	1	11
1	1	11
1	1	11
1	1	11
1	1	11
1	1	11
1	1	11
1	1	11
1	1	11
1	1	11
1	1	11
1	1	11
1	1	11
1	1	11
1	1	11
1	1	11
1	1	11
1	1	11
1	1	11
1	1	11
1	1	11
1	1	11
1	1	11
1	1	11
1	1	11
1	1	11
1	1	11
1	1	11
1	1	11
1	1	11
1	1	11
1	1	11
1	1	11
1	1	11
1	1	11
1	1	11
1	1	11
1	1	11
1	1	11
1	1	11
1	1	11
1	1	11
1	1	11
1	1	11
1	1	11
1	1	11
1	1	11
1	1	11
1	1	11
1	1	11
1	1	11
1	1	11
1	1	11
1	1	11
1	1	11
1	1	11
1	1	11
1	1	11
1	1	11
1	1	11
1	1	11
1	1	11
0	1	1
0	1	1
0	1	1
0	1	1
0	1	1
0	1	1
0	1	1
0	1	1
0	1	1
0	1	1
0	1	1
0	1	1
0	1	1
0	1	1
0	1	1
0	1	1
0	1	1
0	1	1
0	1	1
0	1	1
0	1	1
0	1	1
0	1	1
0	1	1
0	1	1
0	1	1
0	1	1
0	1	1
0	1	1
0	1	1
0	1	1
0	1	1
0	1	1
0	1	1
0	1	1
0	1	1
0	1	1
0	1	1
0	1	1
0	1	1
0	1	1
0	1	1
0	1	1
0	1	1
0	1	1
0	1	1
0	1	1
0	1	1
0	1	1
0	1	1
0	1	1
0	1	1
0	1	1
0	1	1
0	1	1
0	1	1
0	1	1
0	1	1
0	1	1
0	1	1
0	1	1
0	1	1
0	1	1
0	1	1
0	1	1
0	1	1
0	1	1
0	1	1
0	1	1
0	1	1
0	1	1
0	1	1
0	1	1
0	1	1
0	1	1
0	1	1
0	1	1
0	1	1
0	1	1
0	1	1
0	1	1
0	1	1
0	1	1
0	1	1
0	1	1
0	1	1
0	1	1
0	1	1
0	1	1
0	1	1
0	1	1
0	1	1
0	1	1
0	1	1
0	1	1
0	1	1
0	1	1
0	1	1
0	1	1
0	1	1
0	1	1
0	1	1
0	1	1
0	1	1
0	1	1
0	1	1
0	1	1
0	1	1
0	1	1
0	1	1
0	1	1
0	1	1
0	1	1
0	1	1
0	1	1
0	1	1
0	1	1
0	1	1
0	1	1
0	1	1
0	1	1
0	1	1
0	1	1
0	1	1
0	1	1
0	1	1
0	1	1
0	1	1
0	1	1
0	1	1
0	1	1
0	1	1
0	1	1
0	1	1
0	1	1
0	1	1
0	1	1
0	1	1
0	1	1
0	1	1
0	1	1
0	1	1
0	1	1
0	1	1
0	1	1
0	1	1
0	1	1
0	1	1
0	1	1
0	1	1
0	1	1
0	1	1
0	1	1
0	1	1
0	1	1
0	1	1
0	1	1
0	1	1
0	1	1
0	1	1
0	1	1
0	1	1
0	1	1
0	1	1
0	1	1
0	1	1
0	1	1
0	1	1
0	1	1
0	1	1
0	1	1
0	1	1
0	1	1
0	1	1
0	1	1
0	1	1
0	1	1
0	1	1
0	1	1
0	1	1
0	1	1
0	1	1
0	1	1
0	1	1
0	1	1
0	1	1
0	1	1
0	1	1
0	1	1
0	1	1
0	1	1
0	1	1
0	1	1
0	1	1
0	1	1
0	1	1
0	1	1
0	1	1
0	1	1
0	1	1
0	1	1
0	1	1
0	1	1
0	1	1
0	1	1
0	1	1
0	1	1
0	1	1
0	1	1
0	1	1
0	1	1
0	1	1
0	1	1
0	1	1
0	1	1
0	1	1
0	1	1
0	1	1
0	1	1
0	1	1
0	1	1
0	1	1
0	1	1
0	1	1
0	1	1
0	1	1
0	1	1
0	1	1
0	1	1
0	1	1
0	1	1
0	1	1
0	1	1
0	1	1
0	1	1
0	1	1
0	1	1
0	1	1
0	1	1
0	1	1
0	1	1
0	1	1
0	1	1
0	1	1
0	1	1
0	1	1
0	1	1
0	1	1
0	1	1
0	1	1
0	1	1
0	1	1
0	1	1
0	1	1
0	1	1
0	1	1
0	1	1
0	1	1
0	1	1
0	1	1
0	1	1
0	1	1
0	1	1
0	1	1
0	1	1
0	1	1
0	1	1
0	1	1
0	1	1
0	1	1
0	1	1
0	1	1
0	1	1
0	1	1
0	1	1
0	1	1
0	1	1
0	1	1
0	1	1
0	1	1
0	1	1
0	1	1
0	1	1
0	1	1
0	1	1
0	1	1
0	1	1
0	1	1
0	1	1
0	1	1
0	1	1
1	0	0
1	0	0
1	0	0
1	0	0
1	0	0
1	0	0
1	0	0
1	0	0
1	0	0
1	0	0
1	0	0
1	0	0
1	0	0
1	0	0
1	0	0
1	0	0
1	0	0
1	0	0
1	0	0
1	0	0
1	0	0
1	0	0
1	0	0
1	0	0
1	0	0
1	0	0
1	0	0
1	0	0
1	0	0
1	0	0
1	0	0
1	0	0
1	0	0
1	0	0
1	0	0
1	0	0
1	0	0
1	0	0
1	0	0
1	0	0
1	0	0
1	0	0
1	0	0
1	0	0
1	0	0
1	0	0
1	0	0
1	0	0
1	0	0
1	0	0
1	0	0
1	0	0
1	0	0
1	0	0
1	0	0
1	0	0
1	0	0
1	0	0
1	0	0
1	0	0
1	0	0
1	0	0
1	0	0
1	0	0
1	0	0
1	0	0
1	0	0
1	0	0
1	0	0
1	0	0
1	0	0
1	0	0
1	0	0
1	0	0
1	0	0
1	0	0
1	0	0
1	0	0
1	0	0
1	0	0
1	0	0
1	0	0
1	0	0
1	0	0
1	0	0
1	0	0
1	0	0
1	0	0
1	0	0
1	0	0
1	0	0
1	0	0
1	0	0
1	0	0
1	0	0
1	0	0
1	0	0
1	0	0
1	0	0
1	0	0
1	0	0
1	0	0
1	0	0
1	0	0
1	0	0
1	0	0
1	0	0
1	0	0
1	0	0
1	0	0
1	0	0
1	0	0
1	0	0
1	0	0
1	0	0
1	0	0
1	0	0
1	0	0
1	0	0
1	0	0
1	0	0
1	0	0
1	0	0
1	0	0
1	0	0
1	0	0
1	0	0
1	0	0
1	0	0
1	0	0
1	0	0
1	0	0
1	0	0
1	0	0
1	0	0
1	0	0
1	0	0
1	0	0
1	0	0
1	0	0
1	0	0
1	0	0
1	0	0
1	0	0
1	0	0
1	0	0
1	0	0
1	0	0
1	0	0
1	0	0
1	0	0
1	0	0
1	0	0
1	0	0
1	0	0
1	0	0
1	0	0
1	0	0
1	0	0
1	0	0
1	0	0
1	0	0
1	0	0
1	0	0
1	0	0
1	0	0
1	0	0
1	0	0
1	0	0
1	0	0
1	0	0
1	0	0
1	0	0
1	0	0
1	0	0
1	0	0
1	0	0
1	0	0
1	0	0
1	0	0
1	0	0
1	0	0
1	0	0
1	0	0
1	0	0
1	0	0
1	0	0
1	0	0
1	0	0
1	0	0
1	0	0
1	0	0
1	0	0
1	0	0
1	0	0
1	0	0
1	0	0
1	0	0
1	0	0
1	0	0
1	0	0
1	0	0
1	0	0
1	0	0
1	0	0
1	0	0
1	0	0
1	0	0
1	0	0
1	0	0
1	0	0
1	0	0
1	0	0
1	0	0
1	0	0
1	0	0
1	0	0
1	0	0
1	0	0
1	0	0
1	0	0
1	0	0
1	0	0
1	0	0
1	0	0
1	0	0
1	0	0
1	0	0
1	0	0
1	0	0
1	0	0
1	0	0
1	0	0
1	0	0
1	0	0
1	0	0
1	0	0
1	0	0
1	0	0
1	0	0
1	0	0
1	0	0
1	0	0
1	0	0
1	0	0
1	0	0
1	0	0
1	0	0
1	0	0
1	0	0
1	0	0
1	0	0
1	0	0
1	0	0
1	0	0
1	0	0
1	0	0
1	0	0
1	0	0
1	0	0
1	0	0
1	0	0
1	0	0
1	0	0
1	0	0
1	0	0
1	0	0
1	0	0
1	0	0
1	0	0
1	0	0
1	0	0
1	0	0
1	0	0
1	0	0
1	0	0
1	0	0
1	0	0
1	1	11
1	1	11
1	1	11
1	1	11
1	1	11
1	1	11
1	1	11
1	1	11
1	1	11
1	1	11
1	1	11
1	1	11
1	1	11
1	1	11
1	1	11
1	1	11
1	1	11
1	1	11
1	1	11
1	1	11
1	1	11
1	1	11
1	1	11
1	1	11
1	1	11
1	1	11
1	1	11
1	1	11
1	1	11
1	1	11
1	1	11
1	1	11
1	1	11
1	1	11
1	1	11
1	1	11
1	1	11
1	1	11
1	1	11
1	1	11
1	1	11
1	1	11
1	1	11
1	1	11
1	1	11
1	1	11
1	1	11
1	1	11
1	1	11
1	1	11
1	1	11
1	1	11
1	1	11
1	1	11
1	1	11
1	1	11
1	1	11
1	1	11
1	1	11
1	1	11
1	1	11
1	1	11
1	1	11
1	1	11
1	1	11
1	1	11
1	1	11
1	1	11
1	1	11
1	1	11
1	1	11
1	1	11
1	1	11
1	1	11
1	1	11
1	1	11
1	1	11
1	1	11
1	1	11
1	1	11
1	1	11
1	1	11
1	1	11
1	1	11
1	1	11
1	1	11
1	1	11
1	1	11
1	1	11
1	1	11
1	1	11
1	1	11
1	1	11
1	1	11
1	1	11
1	1	11
1	1	11
1	1	11
1	1	11
1	1	11
1	1	11
1	1	11
1	1	11
1	1	11
1	1	11
1	1	11
1	1	11
1	1	11
1	1	11
1	1	11
1	1	11
1	1	11
1	1	11
1	1	11
1	1	11
1	1	11
1	1	11
1	1	11
1	1	11
1	1	11
1	1	11
1	1	11
1	1	11
1	1	11
1	1	11
1	1	11
1	1	11
1	1	11
1	1	11
1	1	11
1	1	11
1	1	11
1	1	11
1	1	11
1	1	11
1	1	11
1	1	11
1	1	11
1	1	11
1	1	11
1	1	11
1	1	11
1	1	11
1	1	11
1	1	11
1	1	11
1	1	11
1	1	11
1	1	11
1	1	11
1	1	11
1	1	11
1	1	11
1	1	11
1	1	11
1	1	11
1	1	11
1	1	11
1	1	11
1	1	11
1	1	11
1	1	11
1	1	11
1	1	11
1	1	11
1	1	11
1	1	11
1	1	11
1	1	11
1	1	11
1	1	11
1	1	11
1	1	11
1	1	11
1	1	11
1	1	11
1	1	11
1	1	11
1	1	11
1	1	11
1	1	11
1	1	11
1	1	11
1	1	11
1	1	11
1	1	11
1	1	11
1	1	11
1	1	11
1	1	11
1	1	11
1	1	11
1	1	11
1	1	11
1	1	11
1	1	11
1	1	11
1	1	11
1	1	11
1	1	11
1	1	11
1	1	11
1	1	11
1	1	11
1	1	11
1	1	11
1	1	11
1	1	11
1	1	11
1	1	11
1	1	11
1	1	11
1	1	11
1	1	11
1	1	11
1	1	11
1	1	11
1	1	11
1	1	11
1	1	11
1	1	11
1	1	11
1	1	11
1	1	11
1	1	11
1	1	11
1	1	11
1	1	11
1	1	11
1	1	11
1	1	11
1	1	11
1	1	11
1	1	11
1	1	11
1	1	11
1	1	11
1	1	11
1	1	11
1	1	11
1	1	11
1	1	11
1	1	11
1	1	11
1	1	11
1	1	11
1	1	11
1	1	11
1	1	11
1	1	11
1	1	11
1	1	11
1	1	11
1	1	11
1	1	11
1	1	11
1	1	11
1	1	11
1	1	11
1	1	11
1	1	11
1	1	11
1	1	11
1	1	11
1	1	11
1	1	11
1	1	11
1	1	11
1	1	11
1	1	11
1	1	11
1	1	11
1	1	11
1	1	11
1	1	11
1	1	11
1	1	11
1	1	11
1	1	11
1	1	11
1	1	11
0	3	3
0	3	3
0	3	3
0	3	3
0	3	3
0	3	3
0	3	3
0	3	3
0	3	3
0	3	3
0	3	3
0	3	3
0	3	3
0	3	3
0	3	3
0	3	3
0	3	3
0	3	3
0	3	3
0	3	3
0	3	3
0	3	3
0	3	3
0	3	3
0	3	3
0	3	3
0	3	3
0	3	3
0	3	3
0	3	3
0	3	3
0	3	3
0	3	3
0	3	3
0	3	3
0	3	3
0	3	3
0	3	3
0	3	3
0	3	3
0	3	3
0	3	3
0	3	3
0	3	3
0	3	3
0	3	3
0	3	3
0	3	3
0	3	3
0	3	3
0	3	3
0	3	3
0	3	3
0	3	3
0	3	3
0	3	3
0	3	3
0	3	3
0	3	3
0	3	3
0	3	3
0	3	3
0	3	3
0	3	3
0	3	3
0	3	3
0	3	3
0	3	3
0	3	3
0	3	3
0	3	3
0	3	3
0	3	3
0	3	3
0	3	3
0	3	3
0	3	3
0	3	3
0	3	3
0	3	3
0	3	3
0	3	3
0	3	3
0	3	3
0	3	3
0	3	3
0	3	3
0	3	3
0	3	3
0	3	3
0	3	3
0	3	3
0	3	3
0	3	3
0	3	3
0	3	3
0	3	3
0	3	3
0	3	3
0	3	3
0	3	3
0	3	3
0	3	3
0	3	3
0	3	3
0	3	3
0	3	3
0	3	3
0	3	3
0	3	3
0	3	3
0	3	3
0	3	3
0	3	3
0	3	3
0	3	3
0	3	3
0	3	3
0	3	3
0	3	3
0	3	3
0	3	3
0	3	3
0	3	3
0	3	3
0	3	3
0	3	3
0	3	3
0	3	3
0	3	3
0	3	3
0	3	3
0	3	3
0	3	3
0	3	3
0	3	3
0	3	3
0	3	3
0	3	3
0	3	3
0	3	3
0	3	3
0	3	3
0	3	3
0	3	3
0	3	3
0	3	3
0	3	3
0	3	3
0	3	3
0	3	3
0	3	3
0	3	3
0	3	3
0	3	3
0	3	3
0	3	3
0	3	3
0	3	3
0	3	3
0	3	3
0	3	3
0	3	3
0	3	3
0	3	3
0	3	3
0	3	3
0	3	3
0	3	3
0	3	3
0	3	3
0	3	3
0	3	3
0	3	3
0	3	3
0	3	3
0	3	3
0	3	3
0	3	3
0	3	3
0	3	3
0	3	3
0	3	3
0	3	3
0	3	3
0	3	3
0	3	3
0	3	3
0	3	3
0	3	3
0	3	3
0	3	3
0	3	3
0	3	3
0	3	3
0	3	3
0	3	3
0	3	3
0	3	3
0	3	3
0	3	3
0	3	3
0	3	3
0	3	3
0	3	3
0	3	3
0	3	3
0	3	3
0	3	3
0	3	3
0	3	3
0	3	3
0	3	3
0	3	3
0	3	3
0	3	3
0	3	3
0	3	3
0	3	3
0	3	3
0	3	3
0	3	3
0	3	3
0	3	3
0	3	3
0	3	3
0	3	3
0	3	3
0	3	3
0	3	3
0	3	3
0	3	3
0	3	3
0	3	3
0	3	3
0	3	3
0	3	3
0	3	3
0	3	3
0	3	3
0	3	3
0	3	3
0	3	3
0	3	3
0	3	3
0	3	3
0	3	3
0	3	3
0	3	3
0	3	3
0	3	3
0	3	3
0	3	3
0	3	3
0	3	3
0	3	3
0	3	3
0	3	3
0	3	3
0	3	3
0	3	3
0	3	3
0	3	3
0	3	3
0	3	3
0	3	3
0	3	3
0	3	3
0	3	3
0	3	3
0	3	3
0	3	3
0	3	3
0	3	3
0	3	3
0	3	3
0	3	3
0	3	3
0	3	3
0	3	3
0	3	3
0	3	3
0	3	3
0	3	3
0	3	3
0	3	3
0	3	3
0	3	3
0	3	3
0	3	3
0	3	3
0	3	3
0	3	3
0	4	6
0	4	6
0	4	6
0	4	6
0	4	6
0	4	6
0	4	6
0	4	6
0	4	6
0	4	6
0	4	6
0	4	6
0	4	6
0	4	6
0	4	6
0	4	6
0	4	6
0	4	6
0	4	6
0	4	6
0	4	6
0	4	6
0	4	6
0	4	6
0	4	6
0	4	6
0	4	6
0	4	6
0	4	6
0	4	6
0	4	6
0	4	6
0	4	6
0	4	6
0	4	6
0	4	6
0	4	6
0	4	6
0	4	6
0	4	6
0	4	6
0	4	6
0	4	6
0	4	6
0	4	6
0	4	6
0	4	6
0	4	6
0	4	6
0	4	6
0	4	6
0	4	6
0	4	6
0	4	6
0	4	6
0	4	6
0	4	6
0	4	6
0	4	6
0	4	6
0	4	6
0	4	6
0	4	6
0	4	6
0	4	6
0	4	6
0	4	6
0	4	6
0	4	6
0	4	6
0	4	6
0	4	6
0	4	6
0	4	6
0	4	6
0	4	6
0	4	6
0	4	6
0	4	6
0	4	6
0	4	6
0	4	6
0	4	6
0	4	6
0	4	6
0	4	6
0	4	6
0	4	6
0	4	6
0	4	6
0	4	6
0	4	6
0	4	6
0	4	6
0	4	6
0	4	6
0	4	6
0	4	6
0	4	6
0	4	6
0	4	6
0	4	6
0	4	6
0	4	6
0	4	6
0	4	6
0	4	6
0	4	6
0	4	6
0	4	6
0	4	6
0	4	6
0	4	6
0	4	6
0	4	6
0	4	6
0	4	6
0	4	6
0	4	6
0	4	6
0	4	6
0	4	6
0	4	6
0	4	6
0	4	6
0	4	6
0	4	6
0	4	6
0	4	6
0	4	6
0	4	6
0	4	6
0	4	6
0	4	6
0	4	6
0	4	6
0	4	6
0	4	6
0	4	6
0	4	6
0	4	6
0	4	6
0	4	6
0	4	6
0	4	6
0	4	6
0	4	6
0	4	6
0	4	6
0	4	6
0	4	6
0	4	6
0	4	6
0	4	6
0	4	6
0	4	6
0	4	6
0	4	6
0	4	6
0	4	6
0	4	6
0	4	6
0	4	6
0	4	6
0	4	6
0	4	6
0	4	6
0	4	6
0	4	6
0	4	6
0	4	6
0	4	6
0	4	6
0	4	6
0	4	6
0	4	6
0	4	6
0	4	6
0	4	6
0	4	6
0	4	6
0	4	6
0	4	6
0	4	6
0	4	6
0	4	6
0	4	6
0	4	6
0	4	6
0	4	6
0	4	6
0	4	6
0	4	6
0	4	6
0	4	6
0	4	6
0	4	6
0	4	6
0	4	6
0	4	6
0	4	6
0	4	6
0	4	6
0	4	6
0	4	6
0	4	6
0	4	6
0	4	6
0	4	6
0	4	6
0	4	6
0	4	6
0	4	6
0	4	6
0	4	6
0	4	6
0	4	6
0	4	6
0	4	6
0	4	6
0	4	6
0	4	6
0	4	6
0	4	6
0	4	6
0	4	6
0	4	6
0	4	6
0	4	6
0	4	6
0	4	6
0	4	6
0	4	6
0	4	6
0	4	6
0	4	6
0	4	6
0	4	6
0	4	6
0	4	6
0	4	6
0	4	6
0	4	6
0	4	6
0	4	6
0	4	6
0	4	6
0	4	6
0	4	6
0	4	6
0	4	6
0	4	6
0	4	6
0	4	6
0	4	6
0	4	6
0	4	6
0	4	6
0	4	6
0	4	6
0	4	6
0	4	6
0	4	6
0	4	6
0	4	6
0	4	6
0	4	6
0	4	6
0	4	6
0	4	6
0	4	6
0	4	6
0	4	6
0	4	6
0	4	6
0	4	6
0	4	6
0	4	6
0	4	6
0	4	6
0	4	6
0	4	6
0	4	6
0	4	6
0	4	6
0	4	6
0	4	6
0	4	6
0	4	6
0	4	6
0	4	6
0	4	6
0	4	6
0	6	12
0	6	12
0	6	12
0	6	12
0	6	12
0	6	12
0	6	12
0	6	12
0	6	12
0	6	12
0	6	12
0	6	12
0	6	12
0	6	12
0	6	12
0	6	12
0	6	12
0	6	12
0	6	12
0	6	12
0	6	12
0	6	12
0	6	12
0	6	12
0	6	12
0	6	12
0	6	12
0	6	12
0	6	12
0	6	12
0	6	12
0	6	12
0	6	12
0	6	12
0	6	12
0	6	12
0	6	12
0	6	12
0	6	12
0	6	12
0	6	12
0	6	12
0	6	12
0	6	12
0	6	12
0	6	12
0	6	12
0	6	12
0	6	12
0	6	12
0	6	12
0	6	12
0	6	12
0	6	12
0	6	12
0	6	12
0	6	12
0	6	12
0	6	12
0	6	12
0	6	12
0	6	12
0	6	12
0	6	12
0	6	12
0	6	12
0	6	12
0	6	12
0	6	12
0	6	12
0	6	12
0	6	12
0	6	12
0	6	12
0	6	12
0	6	12
0	6	12
0	6	12
0	6	12
0	6	12
0	6	12
0	6	12
0	6	12
0	6	12
0	6	12
0	6	12
0	6	12
0	6	12
0	6	12
0	6	12
0	6	12
0	6	12
0	6	12
0	6	12
0	6	12
0	6	12
0	6	12
0	6	12
0	6	12
0	6	12
0	6	12
0	6	12
0	6	12
0	6	12
0	6	12
0	6	12
0	6	12
0	6	12
0	6	12
0	6	12
0	6	12
0	6	12
0	6	12
0	6	12
0	6	12
0	6	12
0	6	12
0	6	12
0	6	12
0	6	12
0	6	12
0	6	12
0	6	12
0	6	12
0	6	12
0	6	12
0	6	12
0	6	12
0	6	12
0	6	12
0	6	12
0	6	12
0	6	12
0	6	12
0	6	12
0	6	12
0	6	12
0	6	12
0	6	12
0	6	12
0	6	12
0	6	12
0	6	12
0	6	12
0	6	12
0	6	12
0	6	12
0	6	12
0	6	12
0	6	12
0	6	12
0	6	12
0	6	12
0	6	12
0	6	12
0	6	12
0	6	12
0	6	12
0	6	12
0	6	12
0	6	12
0	6	12
0	6	12
0	6	12
0	6	12
0	6	12
0	6	12
0	6	12
0	6	12
0	6	12
0	6	12
0	6	12
0	6	12
0	6	12
0	6	12
0	6	12
0	6	12
0	6	12
0	6	12
0	6	12
0	6	12
0	6	12
0	6	12
0	6	12
0	6	12
0	6	12
0	6	12
0	6	12
0	6	12
0	6	12
0	6	12
0	6	12
0	6	12
0	6	12
0	6	12
0	6	12
0	6	12
0	6	12
0	6	12
0	6	12
0	6	12
0	6	12
0	6	12
0	6	12
0	6	12
0	6	12
0	6	12
0	6	12
0	6	12
0	6	12
0	6	12
0	6	12
0	6	12
0	6	12
0	6	12
0	6	12
0	6	12
0	6	12
0	6	12
0	6	12
0	6	12
0	6	12
0	6	12
0	6	12
0	6	12
0	6	12
0	6	12
0	6	12
0	6	12
0	6	12
0	6	12
0	6	12
0	6	12
0	6	12
0	6	12
0	6	12
0	6	12
0	6	12
0	6	12
0	6	12
0	6	12
0	4	6
0	4	6
0	4	6
0	4	6
0	4	6
0	4	6
0	4	6
0	4	6
0	4	6
0	4	6
0	4	6
0	4	6
0	4	6
0	4	6
0	4	6
0	4	6
0	4	6
0	4	6
0	4	6
0	4	6
0	4	6
0	4	6
0	4	6
0	4	6
0	4	6
0	4	6
0	4	6
0	4	6
0	4	6
0	4	6
0	4	6
0	4	6
0	4	6
0	4	6
0	4	6
0	4	6
0	4	6
0	4	6
0	4	6
0	4	6
0	4	6
0	4	6
0	4	6
0	4	6
0	4	6
0	4	6
0	4	6
0	4	6
0	4	6
0	4	6
0	4	6
0	4	6
0	4	6
0	4	6
0	4	6
0	4	6
0	4	6
0	4	6
0	4	6
0	4	6
0	4	6
0	4	6
0	4	6
0	4	6
0	4	6
0	4	6
0	4	6
0	4	6
0	4	6
0	4	6
0	4	6
0	4	6
0	4	6
0	4	6
0	4	6
0	4	6
0	4	6
0	4	6
0	4	6
0	4	6
0	4	6
0	4	6
0	4	6
0	4	6
0	4	6
0	4	6
0	4	6
0	4	6
0	4	6
0	4	6
0	4	6
0	4	6
0	4	6
0	4	6
0	4	6
0	4	6
0	4	6
0	4	6
0	4	6
0	4	6
0	4	6
0	4	6
0	4	6
0	4	6
0	4	6
0	4	6
0	4	6
0	4	6
0	4	6
0	4	6
0	4	6
0	4	6
0	4	6
0	4	6
0	4	6
0	4	6
0	4	6
0	4	6
0	4	6
0	4	6
0	4	6
0	4	6
0	4	6
0	4	6
0	4	6
0	4	6
0	4	6
0	4	6
0	4	6
0	4	6
0	4	6
0	4	6
0	4	6
0	4	6
0	4	6
0	4	6
0	4	6
0	4	6
0	4	6
0	4	6
0	4	6
0	4	6
0	4	6
0	4	6
0	4	6
0	4	6
0	4	6
0	4	6
0	4	6
0	4	6
0	4	6
0	4	6
0	4	6
0	4	6
0	4	6
0	4	6
0	4	6
0	4	6
0	4	6
0	4	6
0	4	6
0	4	6
0	4	6
0	4	6
0	4	6
0	4	6
0	4	6
0	4	6
0	4	6
0	4	6
0	4	6
0	4	6
0	4	6
0	4	6
0	4	6
0	4	6
0	4	6
0	4	6
0	4	6
0	4	6
0	4	6
0	4	6
0	4	6
0	4	6
0	4	6
0	4	6
0	4	6
0	4	6
0	4	6
0	4	6
0	4	6
0	4	6
0	4	6
0	4	6
0	4	6
0	4	6
0	4	6
0	4	6
0	4	6
0	4	6
0	4	6
0	4	6
0	4	6
0	4	6
0	4	6
0	4	6
0	4	6
0	4	6
0	4	6
0	4	6
0	4	6
0	4	6
0	4	6
0	4	6
0	4	6
0	4	6
0	4	6
0	4	6
0	4	6
0	4	6
0	4	6
0	4	6
0	4	6
0	4	6
0	4	6
0	4	6
0	4	6
0	4	6
0	4	6
0	4	6
0	4	6
0	4	6
0	4	6
0	4	6
0	4	6
0	4	6
0	4	6
0	4	6
0	4	6
0	4	6
0	4	6
0	4	6
0	4	6
0	4	6
0	4	6
0	4	6
0	4	6
0	4	6
0	4	6
0	4	6
0	4	6
0	4	6
0	4	6
0	4	6
0	4	6
0	4	6
0	4	6
0	4	6
0	4	6
0	4	6
0	4	6
0	4	6
0	4	6
0	4	6
0	4	6
0	4	6
0	4	6
0	4	6
0	4	6
0	4	6
0	4	6
0	4	6
0	4	6
0	4	6
0	4	6
0	4	6
0	4	6
0	4	6
0	4	6
0	4	6
0	4	6
0	4	6
0	4	6
0	4	6
0	4	6
0	4	6
0	4	6
0	4	6
0	4	6
0	4	6
0	4	6
0	4	6
0	4	13
0	4	13
0	4	13
0	4	13
0	4	13
0	4	13
0	4	13
0	4	13
0	4	13
0	4	13
0	4	13
0	4	13
0	4	13
0	4	13
0	4	13
0	4	13
0	4	13
0	4	13
0	4	13
0	4	13
0	4	13
0	4	13
0	4	13
0	4	13
0	4	13
0	4	13
0	4	13
0	4	13
0	4	13
0	4	13
0	4	13
0	4	13
0	4	13
0	4	13
0	4	13
0	4	13
0	4	13
0	4	13
0	4	13
0	4	13
0	4	13
0	4	13
0	4	13
0	4	13
0	4	13
0	4	13
0	4	13
0	4	13
0	4	13
0	4	13
0	4	13
0	4	13
0	4	13
0	4	13
0	4	13
0	4	13
0	4	13
0	4	13
0	4	13
0	4	13
0	4	13
0	4	13
0	4	13
0	4	13
0	4	13
0	4	13
0	4	13
0	4	13
0	4	13
0	4	13
0	4	13
0	4	13
0	4	13
0	4	13
0	4	13
0	4	13
0	4	13
0	4	13
0	4	13
0	4	13
0	4	13
0	4	13
0	4	13
0	4	13
0	4	13
0	4	13
0	4	13
0	4	13
0	4	13
0	4	13
0	4	13
0	4	13
0	4	13
0	4	13
0	4	13
0	4	13
0	4	13
0	4	13
0	4	13
0	4	13
0	4	13
0	4	13
0	4	13
0	4	13
0	4	13
0	4	13
0	4	13
0	4	13
0	4	13
0	4	13
0	4	13
0	4	13
0	4	13
0	4	13
0	4	13
0	4	13
0	4	13
0	4	13
0	4	13
0	4	13
0	4	13
0	4	13
0	4	13
0	4	13
0	4	13
0	4	13
0	4	13
0	4	13
0	4	13
0	4	13
0	4	13
0	4	13
0	4	13
0	4	13
0	4	13
0	4	13
0	4	13
0	4	13
0	4	13
0	4	13
0	4	13
0	4	13
0	4	13
0	4	13
0	4	13
0	4	13
0	4	13
0	4	13
0	4	13
0	4	13
0	4	13
0	4	13
0	4	13
0	4	13
0	4	13
0	4	13
0	4	13
0	4	13
0	4	13
0	4	13
0	4	13
0	4	13
0	4	13
0	4	13
0	4	13
0	4	13
0	4	13
0	4	13
0	4	13
0	4	13
0	4	13
0	4	13
0	4	13
0	4	13
0	4	13
0	4	13
0	4	13
0	4	13
0	4	13
0	4	13
0	4	13
0	4	13
0	4	13
0	4	13
0	4	13
0	4	13
0	4	13
0	4	13
0	4	13
0	4	13
0	4	13
0	4	13
0	4	13
0	4	13
0	4	13
0	4	13
0	4	13
0	4	13
0	4	13
0	4	13
0	4	13
0	4	13
0	4	13
0	4	13
0	4	13
0	4	13
0	4	13
0	4	13
0	4	13
0	4	13
0	4	13
0	4	13
0	4	13
0	4	13
0	4	13
0	4	13
0	4	13
0	4	13
0	4	13
0	4	13
0	4	13
0	4	13
0	4	13
0	4	13
0	4	13
0	4	13
0	4	13
0	4	13
0	4	13
0	4	13
0	4	13
0	4	13
0	4	13
0	4	13
0	4	13
0	4	13
0	4	13
0	4	13
0	4	13
0	4	13
0	4	13
0	4	13
0	4	13
0	4	13
0	4	13
0	4	13
0	4	13
0	4	13
0	4	13
0	4	13
0	4	13
0	4	13
0	4	13
0	4	13
0	4	13
0	4	13
0	4	13
0	4	13
0	4	13
0	4	13
0	4	13
0	4	13
0	4	13
0	4	13
0	4	13
0	4	13
0	4	13
0	4	13
0	4	13
0	4	13
0	4	13
0	4	13
0	4	13
0	4	13
0	4	13
0	4	13
0	4	13
0	4	13
0	4	13
0	4	13
0	4	13
0	4	13
0	4	13
0	4	13
0	4	13
0	4	13
0	4	13
0	4	13
0	4	13
0	4	13
0	4	13
0	4	13
0	4	13
0	4	13
0	4	13
0	4	13
1	3	7
1	3	7
1	3	7
1	3	7
1	3	7
1	3	7
1	3	7
1	3	7
1	3	7
1	3	7
1	3	7
1	3	7
1	3	7
1	3	7
1	3	7
1	3	7
1	3	7
1	3	7
1	3	7
1	3	7
1	3	7
1	3	7
1	3	7
1	3	7
1	3	7
1	3	7
1	3	7
1	3	7
1	3	7
1	3	7
1	3	7
1	3	7
1	3	7
1	3	7
1	3	7
1	3	7
1	3	7
1	3	7
1	3	7
1	3	7
1	3	7
1	3	7
1	3	7
1	3	7
1	3	7
1	3	7
1	3	7
1	3	7
1	3	7
1	3	7
1	3	7
1	3	7
1	3	7
1	3	7
1	3	7
1	3	7
1	3	7
1	3	7
1	3	7
1	3	7
1	3	7
1	3	7
1	3	7
1	3	7
1	3	7
1	3	7
1	3	7
1	3	7
1	3	7
1	3	7
1	3	7
1	3	7
1	3	7
1	3	7
1	3	7
1	3	7
1	3	7
1	3	7
1	3	7
1	3	7
1	3	7
1	3	7
1	3	7
1	3	7
1	3	7
1	3	7
1	3	7
1	3	7
1	3	7
1	3	7
1	3	7
1	3	7
1	3	7
1	3	7
1	3	7
1	3	7
1	3	7
1	3	7
1	3	7
1	3	7
1	3	7
1	3	7
1	3	7
1	3	7
1	3	7
1	3	7
1	3	7
1	3	7
1	3	7
1	3	7
1	3	7
1	3	7
1	3	7
1	3	7
1	3	7
1	3	7
1	3	7
1	3	7
1	3	7
1	3	7
1	3	7
1	3	7
1	3	7
1	3	7
1	3	7
1	3	7
1	3	7
1	3	7
1	3	7
1	3	7
1	3	7
1	3	7
1	3	7
1	3	7
1	3	7
1	3	7
1	3	7
1	3	7
1	3	7
1	3	7
1	3	7
1	3	7
1	3	7
1	3	7
1	3	7
1	3	7
1	3	7
1	3	7
1	3	7
1	3	7
1	3	7
1	3	7
1	3	7
1	3	7
1	3	7
1	3	7
1	3	7
1	3	7
1	3	7
1	3	7
1	3	7
1	3	7
1	3	7
1	3	7
1	3	7
1	3	7
1	3	7
1	3	7
1	3	7
1	3	7
1	3	7
1	3	7
1	3	7
1	3	7
1	3	7
1	3	7
1	3	7
1	3	7
1	3	7
1	3	7
1	3	7
1	3	7
1	3	7
1	3	7
1	3	7
1	3	7
1	3	7
1	3	7
1	3	7
1	3	7
1	3	7
1	3	7
1	3	7
1	3	7
1	3	7
1	3	7
1	3	7
1	3	7
1	3	7
1	3	7
1	3	7
1	3	7
1	3	7
1	3	7
1	3	7
1	3	7
1	3	7
1	3	7
1	3	7
1	3	7
1	3	7
1	3	7
1	3	7
1	3	7
1	3	7
1	3	7
1	3	7
1	3	7
1	3	7
1	3	7
1	3	7
1	3	7
1	3	7
1	3	7
1	3	7
1	3	7
1	3	7
1	3	7
1	3	7
1	3	7
1	3	7
1	3	7
1	3	7
1	3	7
1	3	7
1	3	7
1	3	7
1	3	7
1	3	7
1	3	7
1	3	7
1	3	7
1	3	7
1	3	7
1	3	7
1	3	7
1	3	7
1	3	7
1	3	7
1	3	7
1	3	7
1	3	7
1	3	7
1	3	7
1	3	7
1	3	7
1	3	7
1	3	7
1	3	7
1	3	7
1	3	7
1	3	7
1	3	7
1	3	7
1	3	7
1	3	7
1	3	7
1	3	7
1	3	7
1	3	7
1	3	7
1	3	7
1	3	7
1	3	7
1	3	7
1	3	7
1	3	7
1	3	7
1	3	7
1	3	7
1	3	7
1	3	7
1	3	7
1	3	7
1	3	7
1	3	7
1	3	7
0	2	2
0	2	2
0	2	2
0	2	2
0	2	2
0	2	2
0	2	2
0	2	2
0	2	2
0	2	2
0	2	2
0	2	2
0	2	2
0	2	2
0	2	2
0	2	2
0	2	2
0	2	2
0	2	2
0	2	2
0	2	2
0	2	2
0	2	2
0	2	2
0	2	2
0	2	2
0	2	2
0	2	2
0	2	2
0	2	2
0	2	2
0	2	2
0	2	2
0	2	2
0	2	2
0	2	2
0	2	2
0	2	2
0	2	2
0	2	2
0	2	2
0	2	2
0	2	2
0	2	2
0	2	2
0	2	2
0	2	2
0	2	2
0	2	2
0	2	2
0	2	2
0	2	2
0	2	2
0	2	2
0	2	2
0	2	2
0	2	2
0	2	2
0	2	2
0	2	2
0	2	2
0	2	2
0	2	2
0	2	2
0	2	2
0	2	2
0	2	2
0	2	2
0	2	2
0	2	2
0	2	2
0	2	2
0	2	2
0	2	2
0	2	2
0	2	2
0	2	2
0	2	2
0	2	2
0	2	2
0	2	2
0	2	2
0	2	2
0	2	2
0	2	2
0	2	2
0	2	2
0	2	2
0	2	2
0	2	2
0	2	2
0	2	2
0	2	2
0	2	2
0	2	2
0	2	2
0	2	2
0	2	2
0	2	2
0	2	2
0	2	2
0	2	2
0	2	2
0	2	2
0	2	2
0	2	2
0	2	2
0	2	2
0	2	2
0	2	2
0	2	2
0	2	2
0	2	2
0	2	2
0	2	2
0	2	2
0	2	2
0	2	2
0	2	2
0	2	2
0	2	2
0	2	2
0	2	2
0	2	2
0	2	2
0	2	2
0	2	2
0	2	2
0	2	2
0	2	2
0	2	2
0	2	2
0	2	2
0	2	2
0	2	2
0	2	2
0	2	2
0	2	2
0	2	2
0	2	2
0	2	2
0	2	2
0	2	2
0	2	2
0	2	2
0	2	2
0	2	2
0	2	2
0	2	2
0	2	2
0	2	2
0	2	2
0	2	2
0	2	2
0	2	2
0	2	2
0	2	2
0	2	2
0	2	2
0	2	2
0	2	2
0	2	2
0	2	2
0	2	2
0	2	2
0	2	2
0	2	2
0	2	2
0	2	2
0	2	2
0	2	2
0	2	2
0	2	2
0	2	2
0	2	2
0	2	2
0	2	2
0	2	2
0	2	2
0	2	2
0	2	2
0	2	2
0	2	2
0	2	2
0	2	2
0	2	2
0	2	2
0	2	2
0	2	2
0	2	2
0	2	2
0	2	2
0	2	2
0	2	2
0	2	2
0	2	2
0	2	2
0	2	2
0	2	2
0	2	2
0	2	2
0	2	2
0	2	2
0	2	2
0	2	2
0	2	2
0	2	2
0	2	2
0	2	2
0	2	2
0	2	2
0	2	2
0	2	2
0	2	2
0	2	2
0	2	2
0	2	2
0	2	2
0	2	2
0	2	2
0	2	2
0	2	2
0	2	2
0	2	2
0	2	2
0	2	2
0	2	2
0	2	2
0	2	2
0	2	2
0	2	2
0	2	2
0	2	2
0	2	2
0	2	2
0	2	2
0	2	2
0	2	2
0	2	2
0	2	2
0	2	2
0	2	2
0	2	2
0	2	2
0	2	2
0	2	2
0	2	2
0	2	2
0	2	2
0	2	2
0	2	2
0	2	2
0	2	2
0	2	2
0	2	2
0	2	2
0	2	2
0	2	2
0	2	2
0	2	2
0	2	2
0	2	2
0	2	2
0	2	2
0	2	2
0	2	2
0	2	2
0	2	2
0	2	2
0	2	2
0	2	2
0	2	2
0	2	2
0	2	2
0	2	2
0	2	2
0	2	2
0	2	2
0	2	2
0	2	2
0	2	2
0	2	2
0	2	2
0	2	2
0	1	1
0	1	1
0	1	1
0	1	1
0	1	1
0	1	1
0	1	1
0	1	1
0	1	1
0	1	1
0	1	1
0	1	1
0	1	1
0	1	1
0	1	1
0	1	1
0	1	1
0	1	1
0	1	1
0	1	1
0	1	1
0	1	1
0	1	1
0	1	1
0	1	1
0	1	1
0	1	1
0	1	1
0	1	1
0	1	1
0	1	1
0	1	1
0	1	1
0	1	1
0	1	1
0	1	1
0	1	1
0	1	1
0	1	1
0	1	1
0	1	1
0	1	1
0	1	1
0	1	1
0	1	1
0	1	1
0	1	1
0	1	1
0	1	1
0	1	1
0	1	1
0	1	1
0	1	1
0	1	1
0	1	1
0	1	1
0	1	1
0	1	1
0	1	1
0	1	1
0	1	1
0	1	1
0	1	1
0	1	1
0	1	1
0	1	1
0	1	1
0	1	1
0	1	1
0	1	1
0	1	1
0	1	1
0	1	1
0	1	1
0	1	1
0	1	1
0	1	1
0	1	1
0	1	1
0	1	1
0	1	1
0	1	1
0	1	1
0	1	1
0	1	1
0	1	1
0	1	1
0	1	1
0	1	1
0	1	1
0	1	1
0	1	1
0	1	1
0	1	1
0	1	1
0	1	1
0	1	1
0	1	1
0	1	1
0	1	1
0	1	1
0	1	1
0	1	1
0	1	1
0	1	1
0	1	1
0	1	1
0	1	1
0	1	1
0	1	1
0	1	1
0	1	1
0	1	1
0	1	1
0	1	1
0	1	1
0	1	1
0	1	1
0	1	1
0	1	1
0	1	1
0	1	1
0	1	1
0	1	1
0	1	1
0	1	1
0	1	1
0	1	1
0	1	1
0	1	1
0	1	1
0	1	1
0	1	1
0	1	1
0	1	1
0	1	1
0	1	1
0	1	1
0	1	1
0	1	1
0	1	1
0	1	1
0	1	1
0	1	1
0	1	1
0	1	1
0	1	1
0	1	1
0	1	1
0	1	1
0	1	1
0	1	1
0	1	1
0	1	1
0	1	1
0	1	1
0	1	1
0	1	1
0	1	1
0	1	1
0	1	1
0	1	1
0	1	1
0	1	1
0	1	1
0	1	1
0	1	1
0	1	1
0	1	1
0	1	1
0	1	1
0	1	1
0	1	1
0	1	1
0	1	1
0	1	1
0	1	1
0	1	1
0	1	1
0	1	1
0	1	1
0	1	1
0	1	1
0	1	1
0	1	1
0	1	1
0	1	1
0	1	1
0	1	1
0	1	1
0	1	1
0	1	1
0	1	1
0	1	1
0	1	1
0	1	1
0	1	1
0	1	1
0	1	1
0	1	1
0	1	1
0	1	1
0	1	1
0	1	1
0	1	1
0	1	1
0	1	1
0	1	1
0	1	1
0	1	1
0	1	1
0	1	1
0	1	1
0	1	1
0	1	1
0	1	1
0	0	5
0	0	5
0	0	5
0	0	5
0	0	5
0	0	5
0	0	5
0	0	5
0	0	5
0	0	5
0	0	5
0	0	5
0	0	5
0	0	5
0	0	5
0	0	5
0	0	5
0	0	5
0	0	5
0	0	5
0	0	5
0	0	5
0	0	5
0	0	5
0	0	5
0	0	5
0	0	5
0	0	5
0	0	5
0	0	5
0	0	5
0	0	5
0	0	5
0	0	5
0	0	5
0	0	5
0	0	5
0	0	5
0	0	5
0	0	5
0	0	5
0	0	5
0	0	5
0	0	5
0	0	5
0	0	5
0	0	5
0	0	5
0	0	5
0	0	5
0	0	5
0	0	5
0	0	5
0	0	5
0	0	5
0	0	5
0	0	5
0	0	5
0	0	5
0	0	5
0	0	5
0	0	5
0	0	5
0	0	5
0	0	5
0	0	5
0	0	5
0	0	5
0	0	5
0	0	5
0	0	5
0	0	5
0	0	5
0	0	5
0	0	5
0	0	5
0	0	5
0	0	5
0	0	5
0	0	5
0	0	5
0	0	5
0	0	5
0	0	5
0	0	5
0	0	5
0	0	5
0	0	5
0	0	5
0	0	5
0	0	5
0	0	5
0	0	5
0	0	5
0	0	5
0	0	5
0	0	5
0	0	5
0	0	5
0	0	5
0	0	5
0	0	5
0	0	5
0	0	5
0	0	5
0	0	5
0	0	5
0	0	5
0	0	5
0	0	5
0	0	5
0	0	5
0	0	5
0	0	5
0	0	5
0	0	5
0	0	5
0	0	5
0	0	5
0	0	5
0	0	5
0	0	5
0	0	5
0	0	5
0	0	5
0	0	5
0	0	5
0	0	5
0	0	5
0	0	5
0	0	5
0	0	5
0	0	5
0	0	5
0	0	5
0	0	5
0	0	5
0	0	5
0	0	5
0	0	5
0	0	5
0	0	5
0	0	5
0	0	5
0	0	5
0	0	5
0	0	5
0	0	5
0	0	5
0	0	5
0	0	5
0	0	5
0	0	5
0	0	5
0	0	5
0	0	5
0	0	5
0	0	5
0	0	5
0	0	5
0	0	5
0	0	5
0	0	5
0	0	5
0	0	5
0	0	5
0	0	5
0	0	5
0	0	5
0	0	5
0	0	5
0	0	5
0	0	5
0	0	5
0	0	5
0	0	5
0	0	5
0	0	5
0	0	5
0	0	5
0	0	5
0	0	5
0	0	5
0	0	5
0	0	5
0	0	5
0	0	5
0	0	5
0	0	5
0	0	5
0	0	5
0	0	5
0	0	5
0	0	5
0	0	5
0	0	5
0	0	5
0	0	5
0	0	5
0	0	5
0	0	5
0	0	5
0	0	5
0	0	5
0	0	5
0	0	5
0	0	5
0	0	5
0	0	5
0	0	5
0	0	5
0	0	5
0	0	5
0	0	5
0	0	5
0	0	5
0	0	5
0	0	5
0	0	5
0	0	5
0	0	5
0	0	5
0	0	5
0	0	5
0	0	5
0	0	5
0	0	5
0	0	5
0	0	5
0	0	5
0	0	5
0	0	5
0	0	5
0	0	5
0	0	5
0	0	5
0	0	5
0	0	5
0	0	5
0	0	5
0	0	5
0	0	5
0	0	5
0	0	5
0	0	5
0	0	5
0	0	5
0	0	5
0	0	5
0	0	5
0	0	5
0	0	5
0	0	5
0	0	5
0	0	5
0	0	5
0	0	5
0	0	5
0	0	5
0	0	5
0	0	5
0	0	5
0	0	5
0	0	5
0	0	5
0	0	5
0	0	5
0	0	5
0	0	5
0	0	5
0	0	5
0	0	5
0	0	5
0	0	5
0	0	5
0	0	5
0	0	5
0	0	5
0	0	5
0	0	5
0	0	5
0	0	5
0	0	5
0	0	5
0	0	5
0	0	5
0	0	5
0	0	5
1	1	10
1	1	10
1	1	10
1	1	10
1	1	10
1	1	10
1	1	10
1	1	10
1	1	10
1	1	10
1	1	10
1	1	10
1	1	10
1	1	10
1	1	10
1	1	10
1	1	10
1	1	10
1	1	10
1	1	10
1	1	10
1	1	10
1	1	10
1	1	10
1	1	10
1	1	10
1	1	10
1	1	10
1	1	10
1	1	10
1	1	10
1	1	10
1	1	10
1	1	10
1	1	10
1	1	10
1	1	10
1	1	10
1	1	10
1	1	10
1	1	10
1	1	10
1	1	10
1	1	10
1	1	10
1	1	10
1	1	10
1	1	10
1	1	10
1	1	10
1	1	10
1	1	10
1	1	10
1	1	10
1	1	10
1	1	10
1	1	10
1	1	10
1	1	10
1	1	10
1	1	10
1	1	10
1	1	10
1	1	10
1	1	10
1	1	10
1	1	10
1	1	10
1	1	10
1	1	10
1	1	10
1	1	10
1	1	10
1	1	10
1	1	10
1	1	10
1	1	10
1	1	10
1	1	10
1	1	10
1	1	10
1	1	10
1	1	10
1	1	10
1	1	10
1	1	10
1	1	10
1	1	10
1	1	10
1	1	10
1	1	10
1	1	10
1	1	10
1	1	10
1	1	10
1	1	10
1	1	10
1	1	10
1	1	10
1	1	10
1	1	10
1	1	10
1	1	10
1	1	10
1	1	10
1	1	10
1	1	10
1	1	10
1	1	10
1	1	10
1	1	10
1	1	10
1	1	10
1	1	10
1	1	10
1	1	10
1	1	10
1	1	10
1	1	10
1	1	10
1	1	10
1	1	10
1	1	10
1	1	10
1	1	10
1	1	10
1	1	10
1	1	10
1	1	10
1	1	10
1	1	10
1	1	10
1	1	10
1	1	10
1	1	10
1	1	10
1	1	10
1	1	10
1	1	10
1	1	10
1	1	10
1	1	10
1	1	10
1	1	10
1	1	10
1	1	10
1	1	10
1	1	10
1	1	10
1	1	10
1	1	10
1	1	10
1	1	10
1	1	10
1	1	10
1	1	10
1	1	10
1	1	10
1	1	10
1	1	10
1	1	10
1	1	10
1	1	10
1	1	10
1	1	10
1	1	10
1	1	10
1	1	10
1	1	10
1	1	10
1	1	10
1	1	10
1	1	10
1	1	10
1	1	10
1	1	10
1	1	10
1	1	10
1	1	10
1	1	10
1	1	10
1	1	10
1	1	10
1	1	10
1	1	10
1	1	10
1	1	10
1	1	10
1	1	10
1	1	10
1	1	10
1	1	10
1	1	10
1	1	10
1	1	10
1	1	10
1	1	10
1	1	10
1	1	10
1	1	10
1	1	10
1	1	10
1	1	10
1	1	10
1	1	10
1	1	10
1	1	10
1	1	10
1	1	10
1	1	10
1	1	10
1	1	10
1	1	10
1	1	10
1	1	10
1	1	10
1	1	10
1	1	10
1	1	10
1	1	10
1	1	10
1	1	10
1	1	10
1	1	10
1	1	10
1	1	10
1	1	10
1	1	10
1	1	10
1	1	10
1	1	10
1	1	10
1	1	10
1	1	10
1	1	10
1	1	10
1	1	10
1	1	10
1	1	10
1	1	10
1	1	10
1	1	10
1	1	10
1	1	10
1	1	10
1	1	10
1	1	10
1	1	10
1	1	10
1	1	10
1	1	10
1	1	10
1	1	10
1	1	10
1	1	10
1	1	10
1	1	10
1	1	10
1	1	10
1	1	10
1	1	10
1	1	10
1	1	10
1	1	10
1	1	10
1	1	10
1	1	10
1	1	10
1	1	10
1	1	10
1	1	10
1	1	10
1	1	10
1	1	10
1	1	10
1	1	10
1	1	10
1	1	10
1	1	10
1	1	10
1	1	10
1	1	10
1	1	10
1	1	10
1	1	10
1	1	10
1	1	10
1	1	10
0	3	3
0	3	3
0	3	3
0	3	3
0	3	3
0	3	3
0	3	3
0	3	3
0	3	3
0	3	3
0	3	3
0	3	3
0	3	3
0	3	3
0	3	3
0	3	3
0	3	3
0	3	3
0	3	3
0	3	3
0	3	3
0	3	3
0	3	3
0	3	3
0	3	3
0	3	3
0	3	3
0	3	3
0	3	3
0	3	3
0	3	3
0	3	3
0	3	3
0	3	3
0	3	3
0	3	3
0	3	3
0	3	3
0	3	3
0	3	3
0	3	3
0	3	3
0	3	3
0	3	3
0	3	3
0	3	3
0	3	3
0	3	3
0	3	3
0	3	3
0	3	3
0	3	3
0	3	3
0	3	3
0	3	3
0	3	3
0	3	3
0	3	3
0	3	3
0	3	3
0	3	3
0	3	3
0	3	3
0	3	3
0	3	3
0	3	3
0	3	3
0	3	3
0	3	3
0	3	3
0	3	3
0	3	3
0	3	3
0	3	3
0	3	3
0	3	3
0	3	3
0	3	3
0	3	3
0	3	3
0	3	3
0	3	3
0	3	3
0	3	3
0	3	3
0	3	3
0	3	3
0	3	3
0	3	3
0	3	3
0	3	3
0	3	3
0	3	3
0	3	3
0	3	3
0	3	3
0	3	3
0	3	3
0	3	3
0	3	3
0	3	3
0	3	3
0	3	3
0	3	3
0	3	3
0	3	3
0	3	3
0	3	3
0	3	3
0	3	3
0	3	3
0	3	3
0	3	3
0	3	3
0	3	3
0	3	3
0	3	3
0	3	3
0	3	3
0	3	3
0	3	3
0	3	3
0	3	3
0	3	3
0	3	3
0	3	3
0	3	3
0	3	3
0	3	3
0	3	3
0	3	3
0	3	3
0	3	3
0	3	3
0	3	3
0	3	3
0	3	3
0	3	3
0	3	3
0	3	3
0	3	3
0	3	3
0	3	3
0	3	3
0	3	3
0	3	3
0	3	3
0	3	3
0	3	3
0	3	3
0	3	3
0	3	3
0	3	3
0	3	3
0	3	3
0	3	3
0	3	3
0	3	3
0	3	3
0	3	3
0	3	3
0	3	3
0	3	3
0	3	3
0	3	3
0	3	3
0	3	3
0	3	3
0	3	3
0	3	3
0	3	3
0	3	3
0	3	3
0	3	3
0	3	3
0	3	3
0	3	3
0	3	3
0	3	3
0	3	3
0	3	3
0	3	3
0	3	3
0	3	3
0	3	3
0	3	3
0	3	3
0	3	3
0	3	3
0	3	3
0	3	3
0	3	3
0	3	3
0	3	3
0	3	3
0	3	3
0	3	3
0	3	3
0	3	3
0	3	3
0	3	3
0	3	3
0	3	3
0	3	3
0	3	3
0	3	3
0	3	3
0	3	3
0	3	3
0	3	3
0	3	3
0	3	3
0	3	3
0	3	3
0	3	3
0	3	3
0	3	3
0	3	3
0	3	3
0	3	3
0	3	3
0	3	3
0	3	3
0	3	3
0	3	3
0	3	3
0	3	3
0	3	3
0	3	3
0	3	3
0	3	3
0	3	3
0	3	3
0	3	3
0	3	3
0	3	3
0	3	3
0	3	3
0	3	3
0	3	3
0	3	3
0	3	3
0	3	3
0	3	3
0	3	3
0	3	3
0	3	3
0	3	3
0	3	3
0	3	3
0	3	3
0	3	3
0	3	3
0	3	3
0	3	3
0	3	3
0	3	3
0	3	3
0	3	3
0	3	3
0	3	3
0	3	3
0	3	3
0	3	3
0	3	3
0	3	3
0	3	3
0	3	3
0	3	3
0	3	3
0	3	3
0	3	3
0	3	3
0	3	3
0	3	3
0	3	3
0	3	3
0	3	3
0	3	3
0	3	3
0	3	3
0	3	3
0	3	3
0	3	3
0	3	3
0	3	3
0	3	3
0	3	3
0	3	3
0	3	3
0	3	3
0	3	3
0	3	3
0	3	3
0	3	3
0	3	3
0	3	3
0	3	3
0	3	3
0	3	3
0	3	3
0	3	3
0	3	3
0	3	3
0	3	3
0	3	3
0	3	3
0	3	3
0	3	3
0	3	3
0	3	3
0	3	3
0	3	3
0	3	3
0	3	3
0	3	3
0	3	3
0	3	3
0	3	3
0	3	3
0	3	3
0	3	3
0	3	3
0	3	3
0	3	3
0	3	3
0	3	3
0	3	3
0	3	3
0	3	3
0	3	3
0	3	3
0	3	3
0	3	3
0	3	3
0	3	3
0	3	3
0	3	3
0	3	3
0	3	3
0	3	3
0	3	3
0	3	3
0	3	3
0	3	3
0	3	3
0	3	3
0	3	3
0	3	3
0	3	3
0	3	3
0	3	3
0	3	3
0	3	3
0	3	3
0	3	3
0	3	3
0	3	3
0	3	3
0	3	3
0	3	3
0	3	3
0	3	3
0	3	3
0	3	3
0	3	3
0	3	3
0	3	3
0	3	3
0	3	3
0	3	3
0	3	3
0	3	3
0	3	3
0	3	3
0	3	3
0	3	3
0	3	3
0	3	3
0	3	3
0	3	3
0	3	3
0	3	3
0	3	3
0	3	3
0	3	3
0	3	3
0	3	3
0	3	3
0	3	3
0	3	3
0	3	3
0	3	3
0	3	3
0	3	3
0	3	3
0	3	3
0	3	3
0	3	3
0	3	3
0	3	3
0	3	3
0	3	3
0	3	3
0	3	3
0	3	3
0	3	3
0	3	3
0	3	3
0	3	3
0	3	3
0	3	3
0	3	3
0	3	3
0	3	3
0	3	3
0	3	3
0	3	3
0	3	3
0	3	3
0	3	3
0	3	3
0	3	3
0	3	3
0	3	3
0	3	3
0	3	3
0	3	3
0	3	3
0	3	3
0	3	3
0	3	3
0	3	3
0	3	3
0	3	3
0	3	3
0	3	3
0	3	3
0	3	3
0	3	3
0	3	3
0	3	3
0	3	3
0	3	3
0	3	3
0	3	3
0	3	3
0	3	3
0	3	3
0	3	3
0	3	3
0	3	3
0	3	3
0	3	3
0	3	3
0	3	3
0	3	3
0	3	3
0	3	3
0	3	3
0	3	3
0	3	3
0	3	3
0	3	3
0	3	3
0	3	3
0	3	3
0	3	3
0	3	3
0	3	3
0	3	3
0	3	3
0	3	3
0	3	3
0	3	3
0	3	3
0	3	3
0	3	3
0	3	3
0	3	3
0	3	3
0	3	3
0	3	3
0	3	3
0	3	3
0	3	3
0	3	3
0	3	3
0	3	3
0	3	3
0	3	3
0	3	3
0	3	3
0	3	3
0	3	3
0	3	3
0	3	3
0	3	3
0	3	3
0	3	3
0	3	3
0	3	3
0	3	3
0	3	3
0	3	3
0	3	3
0	3	3
0	3	3
0	3	3
0	3	3
0	3	3
0	3	3
0	3	3
0	3	3
0	3	3
0	3	3
0	3	3
0	3	3
0	3	3
0	3	3
0	3	3
0	3	3
0	3	3
0	3	3
0	3	3
0	3	3
0	3	3
0	3	3
0	3	3
0	3	3
0	3	3
0	3	3
0	3	3
0	3	3
0	3	3
0	3	3
0	3	3
0	3	3
0	3	3
0	3	3
0	3	3
0	3	3
0	3	3
0	3	3
0	3	3
0	3	3
0	3	3
0	3	3
0	3	3
0	3	3
0	3	3
0	3	3
0	3	3
0	3	3
0	3	3
0	3	3
0	3	3
0	3	3
0	3	3
0	3	3
0	3	3
0	3	3
0	3	3
0	3	3
0	3	3
0	3	3
0	3	3
0	3	3
0	3	3
0	3	3
0	3	3
0	3	3
0	3	3
0	3	3
0	3	3
0	3	3
0	3	3
0	3	3
0	3	3
0	3	3
0	3	3
0	3	3
0	3	3
0	3	3
0	3	3
0	3	3
0	3	3
0	3	3
0	3	3
0	3	3
0	0	5
0	0	5
0	0	5
0	0	5
0	0	5
0	0	5
0	0	5
0	0	5
0	0	5
0	0	5
0	0	5
0	0	5
0	0	5
0	0	5
0	0	5
0	0	5
0	0	5
0	0	5
0	0	5
0	0	5
0	0	5
0	0	5
0	0	5
0	0	5
0	0	5
0	0	5
0	0	5
0	0	5
0	0	5
0	0	5
0	0	5
0	0	5
0	0	5
0	0	5
0	0	5
0	0	5
0	0	5
0	0	5
0	0	5
0	0	5
0	0	5
0	0	5
0	0	5
0	0	5
0	0	5
0	0	5
0	0	5
0	0	5
0	0	5
0	0	5
0	0	5
0	0	5
0	0	5
0	0	5
0	0	5
0	0	5
0	0	5
0	0	5
0	0	5
0	0	5
0	0	5
0	0	5
0	0	5
0	0	5
0	0	5
0	0	5
0	0	5
0	0	5
0	0	5
0	0	5
0	0	5
0	0	5
0	0	5
0	0	5
0	0	5
0	0	5
0	0	5
0	0	5
0	0	5
0	0	5
0	0	5
0	0	5
0	0	5
0	0	5
0	0	5
0	0	5
0	0	5
0	0	5
0	0	5
0	0	5
0	0	5
0	0	5
0	0	5
0	0	5
0	0	5
0	0	5
0	0	5
0	0	5
0	0	5
0	0	5
0	0	5
0	0	5
0	0	5
0	0	5
0	0	5
0	0	5
0	0	5
0	0	5
0	0	5
0	0	5
0	0	5
0	0	5
0	0	5
0	0	5
0	0	5
0	0	5
0	0	5
0	0	5
0	0	5
0	0	5
0	0	5
0	0	5
0	0	5
0	0	5
0	0	5
0	0	5
0	0	5
0	0	5
0	0	5
0	0	5
0	0	5
0	0	5
0	0	5
0	0	5
0	0	5
0	0	5
0	0	5
0	0	5
0	0	5
0	0	5
0	0	5
0	0	5
0	0	5
0	0	5
0	0	5
0	0	5
0	0	5
0	0	5
0	0	5
0	0	5
0	0	5
0	0	5
0	0	5
0	0	5
0	0	5
0	0	5
0	0	5
0	0	5
0	0	5
0	0	5
0	0	5
0	0	5
0	0	5
0	0	5
0	0	5
0	0	5
0	0	5
0	0	5
0	0	5
0	0	5
0	0	5
0	0	5
0	0	5
0	0	5
0	0	5
0	0	5
0	0	5
0	0	5
0	0	5
0	0	5
0	0	5
0	0	5
0	0	5
0	0	5
0	0	5
0	0	5
0	0	5
0	0	5
0	0	5
0	0	5
0	0	5
0	0	5
0	0	5
0	0	5
0	0	5
0	0	5
0	0	5
0	0	5
0	0	5
0	0	5
0	0	5
0	0	5
0	0	5
0	0	5
0	0	5
0	0	5
0	0	5
0	0	5
0	0	5
0	0	5
0	0	5
0	0	5
0	0	5
0	0	5
0	0	5
0	0	5
0	0	5
0	0	5
0	0	5
0	0	5
0	0	5
0	0	5
0	0	5
0	0	5
0	0	5
0	0	5
0	0	5
0	0	5
0	0	5
0	0	5
0	0	5
0	0	5
0	0	5
0	0	5
0	0	5
0	0	5
0	0	5
0	0	5
0	0	5
0	0	5
0	0	5
0	0	5
0	0	5
0	0	5
0	0	5
0	0	5
0	0	5
0	0	5
0	0	5
0	0	5
0	0	5
0	0	5
0	0	5
0	0	5
0	0	5
0	0	5
0	0	5
0	0	5
0	0	5
0	0	5
0	0	5
0	0	5
0	0	5
0	0	5
0	0	5
0	0	5
0	0	5
0	0	5
0	0	5
0	0	5
0	0	5
0	0	5
0	0	5
0	0	5
0	0	5
1	5	14
1	5	14
1	5	14
1	5	14
1	5	14
1	5	14
1	5	14
1	5	14
1	5	14
1	5	14
1	5	14
1	5	14
1	5	14
1	5	14
1	5	14
1	5	14
1	5	14
1	5	14
1	5	14
1	5	14
1	5	14
1	5	14
1	5	14
1	5	14
1	5	14
1	5	14
1	5	14
1	5	14
1	5	14
1	5	14
1	5	14
1	5	14
1	5	14
1	5	14
1	5	14
1	5	14
1	5	14
1	5	14
1	5	14
1	5	14
1	5	14
1	5	14
1	5	14
1	5	14
1	5	14
1	5	14
1	5	14
1	5	14
1	5	14
1	5	14
1	5	14
1	5	14
1	5	14
1	5	14
1	5	14
1	5	14
1	5	14
1	5	14
1	5	14
1	5	14
1	5	14
1	5	14
1	5	14
1	5	14
1	5	14
1	5	14
1	5	14
1	5	14
1	5	14
1	5	14
1	5	14
1	5	14
1	5	14
1	5	14
1	5	14
1	5	14
1	5	14
1	5	14
1	5	14
1	5	14
1	5	14
1	5	14
1	5	14
1	5	14
1	5	14
1	5	14
1	5	14
1	5	14
1	5	14
1	5	14
1	5	14
1	5	14
1	5	14
1	5	14
1	5	14
1	5	14
1	5	14
1	5	14
1	5	14
1	5	14
1	5	14
1	5	14
1	5	14
1	5	14
1	5	14
1	5	14
1	5	14
1	5	14
1	5	14
1	5	14
1	5	14
1	5	14
1	5	14
1	5	14
1	5	14
1	5	14
1	5	14
1	5	14
1	5	14
1	5	14
1	5	14
1	5	14
1	5	14
1	5	14
1	5	14
1	5	14
1	5	14
1	5	14
1	5	14
1	5	14
1	5	14
1	5	14
1	5	14
1	5	14
1	5	14
1	5	14
1	5	14
1	5	14
1	5	14
1	5	14
1	5	14
1	5	14
1	5	14
1	5	14
1	5	14
1	5	14
1	5	14
1	5	14
1	5	14
1	5	14
1	5	14
1	5	14
1	5	14
1	5	14
1	5	14
1	5	14
1	5	14
1	5	14
1	5	14
1	5	14
1	5	14
1	5	14
1	5	14
1	5	14
1	5	14
1	5	14
1	5	14
1	5	14
1	5	14
1	5	14
1	5	14
1	5	14
1	5	14
1	5	14
1	5	14
1	5	14
1	5	14
1	5	14
1	5	14
1	5	14
1	5	14
1	5	14
1	5	14
1	5	14
1	5	14
1	5	14
1	5	14
1	5	14
1	5	14
1	5	14
1	5	14
1	5	14
1	5	14
1	5	14
1	5	14
1	5	14
1	5	14
1	5	14
1	5	14
1	5	14
1	5	14
1	5	14
1	5	14
1	5	14
1	5	14
1	5	14
1	5	14
1	5	14
1	5	14
1	5	14
1	5	14
1	5	14
1	5	14
1	5	14
1	5	14
1	5	14
1	5	14
1	5	14
1	5	14
1	5	14
1	5	14
1	5	14
1	5	14
1	5	14
1	5	14
1	5	14
1	5	14
1	5	14
1	5	14
1	5	14
1	5	14
1	5	14
1	5	14
1	5	14
1	5	14
1	5	14
1	5	14
1	5	14
1	5	14
1	5	14
1	5	14
1	5	14
1	5	14
1	5	14
1	5	14
1	5	14
1	5	14
1	5	14
1	5	14
1	5	14
1	5	14
1	5	14
1	5	14
1	5	14
1	5	14
1	5	14
1	5	14
1	5	14
1	5	14
1	5	14
1	5	14
1	5	14
1	5	14
1	5	14
1	5	14
1	5	14
1	5	14
1	5	14
1	5	14
1	5	14
1	5	14
1	5	14
1	5	14
1	5	14
1	5	14
1	5	14
1	5	14
1	5	14
1	5	14
1	5	14
1	5	14
1	5	14
1	5	14
1	5	14
1	5	14
1	5	14
1	5	14
1	5	14
1	5	14
1	5	14
1	5	14
1	3	7
1	3	7
1	3	7
1	3	7
1	3	7
1	3	7
1	3	7
1	3	7
1	3	7
1	3	7
1	3	7
1	3	7
1	3	7
1	3	7
1	3	7
1	3	7
1	3	7
1	3	7
1	3	7
1	3	7
1	3	7
1	3	7
1	3	7
1	3	7
1	3	7
1	3	7
1	3	7
1	3	7
1	3	7
1	3	7
1	3	7
1	3	7
1	3	7
1	3	7
1	3	7
1	3	7
1	3	7
1	3	7
1	3	7
1	3	7
1	3	7
1	3	7
1	3	7
1	3	7
1	3	7
1	3	7
1	3	7
1	3	7
1	3	7
1	3	7
1	3	7
1	3	7
1	3	7
1	3	7
1	3	7
1	3	7
1	3	7
1	3	7
1	3	7
1	3	7
1	3	7
1	3	7
1	3	7
1	3	7
1	3	7
1	3	7
1	3	7
1	3	7
1	3	7
1	3	7
1	3	7
1	3	7
1	3	7
1	3	7
1	3	7
1	3	7
1	3	7
1	3	7
1	3	7
1	3	7
1	3	7
1	3	7
1	3	7
1	3	7
1	3	7
1	3	7
1	3	7
1	3	7
1	3	7
1	3	7
1	3	7
1	3	7
1	3	7
1	3	7
1	3	7
1	3	7
1	3	7
1	3	7
1	3	7
1	3	7
1	3	7
1	3	7
1	3	7
1	3	7
1	3	7
1	3	7
1	3	7
1	3	7
1	3	7
1	3	7
1	3	7
1	3	7
1	3	7
1	3	7
1	3	7
1	3	7
1	3	7
1	3	7
1	3	7
1	3	7
1	3	7
1	3	7
1	3	7
1	3	7
1	3	7
1	3	7
1	3	7
1	3	7
1	3	7
1	3	7
1	3	7
1	3	7
1	3	7
1	3	7
1	3	7
1	3	7
1	3	7
1	3	7
1	3	7
1	3	7
1	3	7
1	3	7
1	3	7
1	3	7
1	3	7
1	3	7
1	3	7
1	3	7
1	3	7
1	3	7
1	3	7
1	3	7
1	3	7
1	3	7
1	3	7
1	3	7
1	3	7
1	3	7
1	3	7
1	3	7
1	3	7
1	3	7
1	3	7
1	3	7
1	3	7
1	3	7
1	3	7
1	3	7
1	3	7
1	3	7
1	3	7
1	3	7
1	3	7
1	3	7
1	3	7
1	3	7
1	3	7
1	3	7
1	3	7
1	3	7
1	3	7
1	3	7
1	3	7
1	3	7
1	3	7
1	3	7
1	3	7
1	3	7
1	3	7
1	3	7
1	3	7
1	3	7
1	3	7
1	3	7
1	3	7
1	3	7
1	3	7
1	3	7
1	3	7
1	3	7
1	3	7
1	3	7
1	3	7
1	3	7
1	3	7
1	3	7
1	3	7
1	3	7
1	3	7
1	3	7
1	3	7
1	3	7
1	3	7
1	3	7
1	3	7
1	3	7
1	3	7
1	3	7
1	3	7
1	3	7
1	3	7
1	3	7
1	3	7
1	3	7
1	3	7
1	3	7
1	3	7
1	3	7
1	3	7
1	3	7
1	3	7
1	3	7
1	3	7
1	3	7
1	3	7
1	3	7
1	3	7
1	3	7
1	3	7
1	3	7
1	3	7
1	3	7
1	3	7
1	3	7
1	3	7
1	3	7
1	3	7
1	3	7
1	3	7
1	3	7
1	3	7
1	3	7
1	3	7
1	3	7
1	3	7
1	3	7
1	3	7
1	3	7
1	3	7
1	3	7
1	3	7
1	3	7
1	3	7
1	3	7
1	3	7
1	3	7
1	3	7
1	3	7
1	3	7
1	3	7
1	3	7
1	3	7
1	3	7
1	3	7
1	3	7
1	3	7
1	3	7
1	3	7
1	3	7
1	3	7
1	3	7
1	3	7
1	3	7
1	3	7
1	3	7
1	3	7
1	3	7
1	3	7
1	3	7
1	3	7
1	2	15
1	2	15
1	2	15
1	2	15
1	2	15
1	2	15
1	2	15
1	2	15
1	2	15
1	2	15
1	2	15
1	2	15
1	2	15
1	2	15
1	2	15
1	2	15
1	2	15
1	2	15
1	2	15
1	2	15
1	2	15
1	2	15
1	2	15
1	2	15
1	2	15
1	2	15
1	2	15
1	2	15
1	2	15
1	2	15
1	2	15
1	2	15
1	2	15
1	2	15
1	2	15
1	2	15
1	2	15
1	2	15
1	2	15
1	2	15
1	2	15
1	2	15
1	2	15
1	2	15
1	2	15
1	2	15
1	2	15
1	2	15
1	2	15
1	2	15
1	2	15
1	2	15
1	2	15
1	2	15
1	2	15
1	2	15
1	2	15
1	2	15
1	2	15
1	2	15
1	2	15
1	2	15
1	2	15
1	2	15
1	2	15
1	2	15
1	2	15
1	2	15
1	2	15
1	2	15
1	2	15
1	2	15
1	2	15
1	2	15
1	2	15
1	2	15
1	2	15
1	2	15
1	2	15
1	2	15
1	2	15
1	2	15
1	2	15
1	2	15
1	2	15
1	2	15
1	2	15
1	2	15
1	2	15
1	2	15
1	2	15
1	2	15
1	2	15
1	2	15
1	2	15
1	2	15
1	2	15
1	2	15
1	2	15
1	2	15
1	2	15
1	2	15
1	2	15
1	2	15
1	2	15
1	2	15
1	2	15
1	2	15
1	2	15
1	2	15
1	2	15
1	2	15
1	2	15
1	2	15
1	2	15
1	2	15
1	2	15
1	2	15
1	2	15
1	2	15
1	2	15
1	2	15
1	2	15
1	2	15
1	2	15
1	2	15
1	2	15
1	2	15
1	2	15
1	2	15
1	2	15
1	2	15
1	2	15
1	2	15
1	2	15
1	2	15
1	2	15
1	2	15
1	2	15
1	2	15
1	2	15
1	2	15
1	2	15
1	2	15
1	2	15
1	2	15
1	2	15
1	2	15
1	2	15
1	2	15
1	2	15
1	2	15
1	2	15
1	2	15
1	2	15
1	2	15
1	2	15
1	2	15
1	2	15
1	2	15
1	2	15
1	2	15
1	2	15
1	2	15
1	2	15
1	2	15
1	2	15
1	2	15
1	2	15
1	2	15
1	2	15
1	2	15
1	2	15
1	2	15
1	2	15
1	2	15
1	2	15
1	2	15
1	2	15
1	2	15
1	2	15
1	2	15
1	2	15
1	2	15
1	2	15
1	2	15
1	2	15
1	2	15
1	2	15
1	2	15
1	2	15
1	2	15
1	2	15
1	2	15
1	2	15
1	2	15
1	2	15
1	2	15
1	2	15
1	2	15
1	2	15
1	2	15
1	2	15
1	2	15
1	2	15
1	2	15
1	2	15
1	2	15
1	2	15
1	2	15
1	2	15
1	2	15
1	2	15
1	2	15
1	2	15
1	2	15
1	2	15
1	2	15
1	2	15
1	2	15
1	2	15
1	2	15
1	2	15
1	2	15
1	2	15
1	2	15
1	2	15
1	2	15
1	2	15
1	2	15
1	2	15
1	2	15
1	2	15
1	2	15
1	2	15
1	2	15
1	2	15
1	2	15
1	2	15
1	2	15
1	2	15
1	2	15
1	2	15
1	2	15
1	2	15
1	2	15
1	2	15
1	2	15
1	2	15
1	2	15
1	2	15
1	2	15
1	2	15
1	2	15
1	2	15
1	2	15
1	2	15
1	2	15
1	2	15
1	2	15
1	2	15
1	2	15
1	2	15
1	2	15
1	2	15
1	2	15
1	2	15
1	2	15
1	2	15
1	2	15
1	2	15
1	2	15
1	2	15
1	2	15
1	2	15
1	2	15
1	2	15
1	2	15
1	2	15
1	2	15
1	2	15
1	2	15
1	2	15
1	2	15
1	2	15
1	2	15
1	2	15
1	2	15
1	2	15
1	2	15
1	2	15
1	2	15
0	3	3
0	3	3
0	3	3
0	3	3
0	3	3
0	3	3
0	3	3
0	3	3
0	3	3
0	3	3
0	3	3
0	3	3
0	3	3
0	3	3
0	3	3
0	3	3
0	3	3
0	3	3
0	3	3
0	3	3
0	3	3
0	3	3
0	3	3
0	3	3
0	3	3
0	3	3
0	3	3
0	3	3
0	3	3
0	3	3
0	3	3
0	3	3
0	3	3
0	3	3
0	3	3
0	3	3
0	3	3
0	3	3
0	3	3
0	3	3
0	3	3
0	3	3
0	3	3
0	3	3
0	3	3
0	3	3
0	3	3
0	3	3
0	3	3
0	3	3
0	3	3
0	3	3
0	3	3
0	3	3
0	3	3
0	3	3
0	3	3
0	3	3
0	3	3
0	3	3
0	3	3
0	3	3
0	3	3
0	3	3
0	3	3
0	3	3
0	3	3
0	3	3
0	3	3
0	3	3
0	3	3
0	3	3
0	3	3
0	3	3
0	3	3
0	3	3
0	3	3
0	3	3
0	3	3
0	3	3
0	3	3
0	3	3
0	3	3
0	3	3
0	3	3
0	3	3
0	3	3
0	3	3
0	3	3
0	3	3
0	3	3
0	3	3
0	3	3
0	3	3
0	3	3
0	3	3
0	3	3
0	3	3
0	3	3
0	3	3
0	3	3
0	3	3
0	3	3
0	3	3
0	3	3
0	3	3
0	3	3
0	3	3
0	3	3
0	3	3
0	3	3
0	3	3
0	3	3
0	3	3
0	3	3
0	3	3
0	3	3
0	3	3
0	3	3
0	3	3
0	3	3
0	3	3
0	3	3
0	3	3
0	3	3
0	3	3
0	3	3
0	3	3
0	3	3
0	3	3
0	3	3
0	3	3
0	3	3
0	3	3
0	3	3
0	3	3
0	3	3
0	3	3
0	3	3
0	3	3
0	3	3
0	3	3
0	3	3
0	3	3
0	3	3
0	3	3
0	3	3
0	3	3
0	3	3
0	3	3
0	3	3
0	3	3
0	3	3
0	3	3
0	3	3
0	3	3
0	3	3
0	3	3
0	3	3
0	3	3
0	3	3
0	3	3
0	3	3
0	3	3
0	3	3
0	3	3
0	3	3
0	3	3
0	3	3
0	3	3
0	3	3
0	3	3
0	3	3
0	3	3
0	3	3
0	3	3
0	3	3
0	3	3
0	3	3
0	3	3
0	3	3
0	3	3
0	3	3
0	3	3
0	3	3
0	3	3
0	3	3
0	3	3
0	3	3
0	3	3
0	3	3
0	3	3
0	3	3
0	3	3
0	3	3
0	3	3
0	3	3
0	3	3
0	3	3
0	3	3
0	3	3
0	3	3
0	3	3
0	3	3
0	3	3
0	3	3
0	3	3
0	3	3
0	3	3
0	3	3
0	3	3
0	3	3
0	3	3
0	3	3
0	3	3
0	3	3
0	3	3
0	3	3
0	3	3
0	3	3
0	3	3
0	3	3
0	3	3
0	3	3
0	3	3
0	3	3
0	3	3
0	3	3
0	3	3
0	3	3
0	3	3
0	3	3
0	3	3
0	3	3
0	3	3
0	3	3
0	3	3
0	3	3
0	3	3
0	3	3
0	3	3
0	3	3
0	3	3
0	3	3
0	3	3
0	3	3
0	3	3
0	3	3
0	3	3
0	3	3
0	3	3
0	3	3
0	3	3
0	3	3
0	3	3
0	3	3
0	3	3
0	3	3
0	3	3
0	3	3
0	3	3
0	3	3
0	3	3
0	3	3
0	3	3
0	3	3
0	3	3
0	3	3
0	3	3
0	3	3
0	3	3
0	3	3
0	3	3
0	3	3
0	3	3
0	3	3
0	3	3
0	3	3
0	3	3
0	3	3
0	3	3
0	3	3
0	3	3
0	3	3
0	3	3
0	3	3
0	3	3
0	3	3
